categoria,sku,slug,nombre,marca,descripcion_corta,precio,precio_antes,disponibilidad,garantia_meses,destacado,activo,categorias,medida,potencia_rms_w,impedancia_ohm,bobinas,profundidad_mm,sensibilidad_db,configuracion,canales,clase,formato,pantalla_pulg,carplay,android_auto,salidas_preamp_pares,salidas_preamp_voltaje,tipo_ecualizador,bandas,espesor_mm,cobertura_m2,material_insono,calibre_awg,material_conductor,capacidad_w,tipo_accesorio,longitud_m,spec_1_etiqueta,spec_1_valor,spec_2_etiqueta,spec_2_valor,spec_3_etiqueta,spec_3_valor,spec_4_etiqueta,spec_4_valor,spec_5_etiqueta,spec_5_valor,spec_6_etiqueta,spec_6_valor,spec_7_etiqueta,spec_7_valor,spec_8_etiqueta,spec_8_valor,spec_9_etiqueta,spec_9_valor,spec_10_etiqueta,spec_10_valor
Accesorios,ANL1,cerwin-vega-anl1,Portafusible tipo ANL,Cerwin Vega,Portafusible tipo ANL para la línea principal de corriente,100,,disponible,,FALSO,VERDADERO,,,,,,,,,,,,,,,,,,,,,,,,,portafusible,,Aplicación,"Protección de la línea principal de corriente, a menos de 45 cm de la batería",Compatibilidad,Fusibles ANL,Serie,Vega,,,,,,,,,,,,,,
Accesorios,ANLFB,memphis-anlfb,Portafusible tipo ANL ANLFB,Memphis,Portafusible tipo ANL para la línea principal de corriente,300,,disponible,,FALSO,VERDADERO,,,,,,,,,,,,,,,,,,,,,,,,,portafusible,,Aplicación,Protege la línea principal de corriente; se instala a menos de 45 cm de la batería,Compatibilidad,Fusibles tipo ANL,Línea,Memphis Connection,,,,,,,,,,,,,,
Accesorios,CFANL200,cerwin-vega-cfanl200,Fusible tipo ANL,Cerwin Vega,Fusible tipo ANL de 200 amperios para portafusible ANL,40,,disponible,,FALSO,VERDADERO,,,,,,,,,,,,,,,,,,,,,,,,,portafusible,,Aplicación,Protección de la línea principal de corriente,Amperaje,200 A,Compatibilidad,Portafusibles ANL de Cerwin Vega,,,,,,,,,,,,,,
Accesorios,CVM0,cerwin-vega-cvm0,Realzador digital de graves CVM0,Cerwin Vega,Procesador digital de graves y ecualizador para realzar la respuesta de bajos,750,,disponible,,FALSO,VERDADERO,,,,,,,,,,,,,,,,,,,,,,,,,otro,,Aplicación,Refuerzo y ajuste de la respuesta de bajos del sistema,Instalación,En línea entre la fuente y el amplificador,Serie,Vega,,,,,,,,,,,,,,
Accesorios,CX23,memphis-cx23,Crossover pasivo CX23,Memphis,Crossover pasivo de 2 vías para dividir la señal entre medio y tweeter,1600,,disponible,,FALSO,VERDADERO,,,,,,,,,,,,,,,,,,,,,,,,,otro,,Vías,2 vías: medio y tweeter,Instalación,En línea entre el amplificador y las bocinas,Función,Envía a cada bocina solo el rango de frecuencia que le corresponde,,,,,,,,,,,,,,
Accesorios,DB124,cerwin-vega-db124,Bloque distribuidor de una entrada calibre 0 a dos salidas caibre 4 DB124,Cerwin Vega,"Bloque distribuidor con una entrada calibre 1/0 y dos salidas calibre 4, con reductores para calibre 4 y 8",150,,disponible,,FALSO,VERDADERO,,,,,,,,,,,,,,,,,,,,,,,,,distribuidor,,Aplicación,Repartir la corriente a dos amplificadores desde una sola línea principal,Entrada,"Una de calibre 1/0, con reductor incluido para calibre 4",Salidas,"Dos de calibre 4, con reductores incluidos para calibre 8",Ventaja,Los reductores permiten usar el mismo bloque con distintos calibres de cable,,,,,,,,,,,,
Accesorios,DB148,cerwin-vega-db148,Bloque distribuidor de una entrada calibre 4 a dos salidas caibre 8 DB148,Cerwin Vega,Bloque distribuidor de corriente con entrada calibre 1 a 4 y salidas calibre 4 a 8,80,,disponible,,FALSO,VERDADERO,,,,,,,,,,,,,,,,,,,,,,,,,distribuidor,,Aplicación,Repartir la corriente a varios amplificadores desde una sola línea principal,Entrada,Calibre 1 a 4,Salida,Calibre 4 a 8,,,,,,,,,,,,,,
Accesorios,DBLOCK,memphis-dblock,Bloque distribuidor de corriente DBLOCK,Memphis,Bloque distribuidor para repartir corriente entre varios amplificadores,300,,disponible,,FALSO,VERDADERO,,,,,,,,,,,,,,,,,,,,,,,,,distribuidor,,Aplicación,Sistemas con dos o más amplificadores desde un solo cable de batería,Función,Reparte la línea principal de corriente hacia varios amplificadores,Línea,Memphis Connection,,,,,,,,,,,,,,
Accesorios,ETP-1.5,memphis-etp-1-5,Cable RCA de 2 canales ETP de 1.5 pies ETP-1.5,Memphis,Cable de interconexión RCA de 2 canales y 1.5 pies con par trenzado,150,,disponible,,FALSO,VERDADERO,,,,,,,,,,,,,,,,,,,,,,,,,cable-rca,1.5,Canales,2 canales,Construcción,Par trenzado para rechazo de ruido,Conectores,Extremos moldeados con código de color por canal,Forro,PVC flexible M-Flex para instalación fácil,Línea,"Memphis Connection ETP, grado de desempeño",,,,,,,,,,
Accesorios,ETP-17,memphis-etp-17,Cable RCA de 2 canales ETP de 17 pies ETP-17,Memphis,Cable de interconexión RCA de 2 canales y 17 pies con par trenzado,270,,disponible,,FALSO,VERDADERO,,,,,,,,,,,,,,,,,,,,,,,,,cable-rca,17,Canales,2 canales,Construcción,Par trenzado para rechazo de ruido,Conectores,Extremos moldeados con código de color por canal,Forro,PVC flexible M-Flex para instalación fácil,Línea,"Memphis Connection ETP, grado de desempeño",,,,,,,,,,
Accesorios,ETP-17.4,memphis-etp-17-4,Cable RCA de 4 canales ETP de 17 pies ETP-17.4,Memphis,Cable de interconexión RCA de 4 canales y 17 pies con par trenzado,350,,disponible,,FALSO,VERDADERO,,,,,,,,,,,,,,,,,,,,,,,,,cable-rca,17,Canales,4 canales,Construcción,Par trenzado para rechazo de ruido,Conectores,Extremos moldeados con código de color por canal,Forro,PVC flexible M-Flex para instalación fácil,Línea,"Memphis Connection ETP, grado de desempeño",,,,,,,,,,
Accesorios,ETP-25,memphis-etp-25,Cable RCA de 2 canales ETP de 25 pies ETP-25,Memphis,Cable de interconexión RCA de 2 canales y 25 pies con par trenzado,220,,disponible,,FALSO,VERDADERO,,,,,,,,,,,,,,,,,,,,,,,,,cable-rca,25,Canales,2 canales,Construcción,Par trenzado para rechazo de ruido,Conectores,Extremos moldeados con código de color por canal,Forro,PVC flexible M-Flex para instalación fácil,Línea,"Memphis Connection ETP, grado de desempeño",,,,,,,,,,
Accesorios,ETP-3,memphis-etp-3,Cable RCA de 2 canales ETP de 3 pies ETP-3,Memphis,Cable de interconexión RCA de 2 canales y 3 pies con par trenzado,150,,disponible,,FALSO,VERDADERO,,,,,,,,,,,,,,,,,,,,,,,,,cable-rca,3,Canales,2 canales,Construcción,Par trenzado para rechazo de ruido,Conectores,Extremos moldeados con código de color por canal,Forro,PVC flexible M-Flex para instalación fácil,Línea,"Memphis Connection ETP, grado de desempeño",,,,,,,,,,
Accesorios,ETP-7,memphis-etp-7,Cable RCA de 2 canales ETP de 7 pies ETP-7,Memphis,Cable de interconexión RCA de 2 canales y 7 pies con par trenzado,175,,disponible,,FALSO,VERDADERO,,,,,,,,,,,,,,,,,,,,,,,,,cable-rca,7,Canales,2 canales,Construcción,Par trenzado para rechazo de ruido,Conectores,Extremos moldeados con código de color por canal,Forro,PVC flexible M-Flex para instalación fácil,Línea,"Memphis Connection ETP, grado de desempeño",,,,,,,,,,
Accesorios,ETP-YF,memphis-etp-yf,Adaptador Y ETP de 1 macho a 2 hembras ETP-YF,Memphis,Adaptador Y para señal RCA de un conector macho a dos hembras,90,,disponible,,FALSO,VERDADERO,,,,,,,,,,,,,,,,,,,,,,,,,adaptador,,Aplicación,Dividir una salida preamplificada hacia dos amplificadores,Configuración,1 conector macho a 2 hembras,Línea,Memphis Connection ETP,Conectores,Extremos moldeados con código de color,,,,,,,,,,,,
Accesorios,ETP-YM,memphis-etp-ym,Adaptador Y ETP de 2 machos a 1 hembra ETP-YM,Memphis,Adaptador Y para señal RCA de dos conectores macho a uno hembra,90,,disponible,,FALSO,VERDADERO,,,,,,,,,,,,,,,,,,,,,,,,,adaptador,,Aplicación,Combinar dos salidas preamplificadas en una sola entrada,Configuración,2 conectores macho a 1 hembra,Línea,Memphis Connection ETP,Conectores,Extremos moldeados con código de color,,,,,,,,,,,,
Accesorios,IOEM22,cerwin-vega-ioem22,Convertidor de línea de 2 canales IOEM22,Cerwin Vega,Convertidor de salida de bocina a señal RCA de 2 entradas y 2 salidas,300,,disponible,,VERDADERO,VERDADERO,,,,,,,,,,,,,,,,,,,,,,,,,cable-rca,,Aplicación,Integrar amplificadores a un sistema de fábrica sin salidas RCA,Canales,2 entradas / 2 salidas,Serie,IOEM,,,,,,,,,,,,,,
Accesorios,IOEM44,cerwin-vega-ioem44,Convertidor de línea de 4 canales IOEM44,Cerwin Vega,Convertidor de salida de bocina a señal RCA de 4 entradas y 4 salidas,850,,disponible,,FALSO,VERDADERO,,,,,,,,,,,,,,,,,,,,,,,,,cable-rca,,Aplicación,Integrar amplificadores a un sistema de fábrica sin salidas RCA,Canales,4 entradas / 4 salidas,Serie,IOEM,,,,,,,,,,,,,,
Accesorios,KCLOTH,kbt-kcloth,Cinta de tela adhesiva aislante KCLOTH,KBT,Cinta de tela adhesiva aislante de color negro para envolver cables reduciendo el aislamiento térmico y el ruido.,50,,disponible,,FALSO,VERDADERO,,,,,,,,,,,,,,,,,,,,,,,,,cable-rca,,Aplicación,"Aislante para reducir aislamiento térmico y ruido, resistente a altas temperaturas",Material,Tela,Marca,KBT,Color,Negro,,,,,,,,,,,,
Accesorios,KDB-201,kbt-kdb-201,Bloque de distribución KDB-201,KBT,Bloque distribuidor de corriente para instalaciones con varios amplificadores,400,,disponible,,FALSO,VERDADERO,,,,,,,,,,,,,,,,,,,,,,,,,distribuidor,,Aplicación,Sistemas con dos o más amplificadores desde un solo cable de batería,Función,Reparte la línea principal hacia varios amplificadores,Marca,KBT,Construcción,Terminales de entrada y salida de alta calidad para flujo de corriente estable,,,,,,,,,,,,
Accesorios,KDB-FH2,kbt-kdb-fh2,Portafusible KDB-FH2,KBT,Portafusible de dos posiciones con una entrada calibre 0 y dos salidas calibre 4,200,,disponible,,FALSO,VERDADERO,,,,,,,,,,,,,,,,,,,,,,,,,portafusible,,Entrada,Una de calibre 0 (1x0GA),Salidas,Dos de calibre 4 (2x4GA),Función,Protege con fusible y reparte la corriente hacia dos amplificadores,Instalación,"Cerca de la batería, en la línea principal de corriente",,,,,,,,,,,,
Accesorios,KDB-FH4,kbt-kdb-fh4,Portafusible y bloque KDB-FH4,KBT,Portafusible y bloque de distribución de cuatro posiciones con entradas calibre 0 y salidas calibre 4,400,,disponible,,FALSO,VERDADERO,,,,,,,,,,,,,,,,,,,,,,,,,portafusible,,Aplicación,Sistemas de alta potencia con varios amplificadores,Entradas,Cuatro de calibre 0 (4x0GA),Salidas,Cuatro de calibre 4 (4x4GA),Función,Protege con fusible y reparte la corriente hacia hasta cuatro amplificadores,Ventaja,Reemplaza portafusible y bloque distribuidor en una sola pieza,,,,,,,,,,
Accesorios,KEXP-12BK,kbt-kexp-12bk,"Funda expandible 1/2"" KEXP-12BK",KBT,"Funda expandible de 1/2"" para proteger y ordenar el cableado",250,,disponible,,FALSO,VERDADERO,,,,,,,,,,,,,,,,,,,,,,,,,conector,,Diámetro,"1/2""",Color,Negro,Función,"Protege el cableado de roce y calor, y mantiene la instalación ordenada",Instalación,Se desliza sobre el mazo de cables y se expande para pasar conectores,,,,,,,,,,,,
Accesorios,KEXP-14BK,kbt-kexp-14bk,"Funda expandible 1/4"" KEXP-14BK",KBT,"Funda expandible de 1/4"" para proteger y ordenar el cableado",225,,disponible,,FALSO,VERDADERO,,,,,,,,,,,,,,,,,,,,,,,,,conector,,Diámetro,"1/4""",Color,Negro,Función,"Protege el cableado de roce y calor, y mantiene la instalación ordenada",Instalación,Se desliza sobre el mazo de cables y se expande para pasar conectores,,,,,,,,,,,,
Accesorios,KEXP-34,kbt-kexp-34,"Funda expandible 3/4"" KEXP-34",KBT,"Funda expandible de 3/4"" para proteger y ordenar el cableado",300,,disponible,,FALSO,VERDADERO,,,,,,,,,,,,,,,,,,,,,,,,,conector,,Diámetro,"3/4""",Color,Natural,Función,"Protege el cableado de roce y calor, y mantiene la instalación ordenada",Instalación,Se desliza sobre el mazo de cables y se expande para pasar conectores,,,,,,,,,,,,
Accesorios,KHL-2,kbt-khl-2,Convertidor de alta a baja KHL-2,KBT,Convertidor de señal de alta a baja de 2 entradas y 2 salidas,150,,disponible,,FALSO,VERDADERO,,,,,,,,,,,,,,,,,,,,,,,,,cable-rca,,Aplicación,Conectar un amplificador a un radio de fábrica que no tiene salidas RCA,Entradas,"2 de nivel alto, desde las salidas de bocina del radio",Salidas,"2 de nivel bajo, RCA",Ventaja,Permite amplificar sin cambiar el radio original del vehículo,,,,,,,,,,,,
Accesorios,KHL-4,kbt-khl-4,Convertidor de alta a baja KHL-4,KBT,Convertidor de señal de alta a baja de 2 entradas y 4 salidas,190,,disponible,,FALSO,VERDADERO,,,,,,,,,,,,,,,,,,,,,,,,,cable-rca,,Aplicación,"Alimentar un amplificador de 4 canales, o dos amplificadores, desde un radio de fábrica",Entradas,"2 de nivel alto, desde las salidas de bocina del radio",Salidas,"4 de nivel bajo, RCA",Diferencia con el KHL-2,Duplica las salidas manteniendo las mismas 2 entradas,,,,,,,,,,,,
Accesorios,KSE-1X12LINEX,kbt-kse-1x12linex,"Cajón porteado sencillo 12"" con recubrimiento Linex",KBT,Cajón porteado para un subwoofer de 12 pulgadas en MDF con recubrimiento de poliuretano,1250,,disponible,,FALSO,VERDADERO,,,,,,,,,,,,,,,,,,,,,,,,,otro,,Capacidad recomendada,Un subwoofer de 12 pulgadas,Acabado,Poliuretano elastómero,Material,MDF con acabado de poliuretano elastómero pulverizado de alto rendimiento,Medidas,47 × 38 cm,Ventaja,El recubrimiento de poliuretano resiste golpes y humedad mejor que la alfombra,Salida,De alta eficiencia,,,,,,,,
Accesorios,KSE-2X12LINEX,kbt-kse-2x12linex,"Cajón porteado doble 12"" con recubrimiento Linex",KBT,Cajón porteado para dos subwoofers de 12 pulgadas en MDF con recubrimiento de poliuretano,2000,,disponible,,FALSO,VERDADERO,,,,,,,,,,,,,,,,,,,,,,,,,otro,,Capacidad recomendada,Dos subwoofers de 12 pulgadas,Acabado,Poliuretano elastómero,Material,MDF con acabado de poliuretano elastómero pulverizado de alto rendimiento,Medidas,89 × 38 cm,Ventaja,El recubrimiento de poliuretano resiste golpes y humedad mejor que la alfombra,Salida,De alta eficiencia,,,,,,,,
Accesorios,KSM-8,kbt-ksm-8,"Alza para bocinas de 6.5""",KBT,Alzas para bocinas de 6.5 pulgadas compatibles con varios modelos de vehículos,150,,disponible,,FALSO,VERDADERO,,,,,,,,,,,,,,,,,,,,,,,,,cable-rca,,Marca,KBT,Función,"Alza diseñada para elevar bocinas de 6.5'' a una altura óptima, lo que mejora la dispersión del sonido y la experiencia auditiva",Serie,KSM,Material,Plástico,Color,Negro,,,,,,,,,,
Accesorios,KSSC-65,kbt-kssc-65,"Separadores para bocina 6.5"" KSSC-65",KBT,Par de separadores de montaje para bocinas de 6.5 pulgadas,275,,disponible,,FALSO,VERDADERO,,,,,,,,,,,,,,,,,,,,,,,,,otro,,Diámetro,"6.5"" (16.5 cm)",Contenido,Par de separadores,Función,Gana profundidad de montaje cuando la bocina de reemplazo no cabe en la ubicación de fábrica,,,,,,,,,,,,,,
Accesorios,KUE-1X12PC,kbt-kue-1x12pc,"Cajón porteado sencillo 12"" alfombrado",KBT,"Cajón porteado para un subwoofer de 12 pulgadas con acabado en alfombra premium, sintonizado a 45 Hz",950,,disponible,,FALSO,VERDADERO,,,,,,,,,,,,,,,,,,,,,,,,,otro,,Capacidad recomendada,Un subwoofer de 12 pulgadas,Sintonía,45 Hz,Material,Alfombra premium,Dimensiones,"38 × 47 × 37 cm (15"" alto × 18.5"" ancho × 14.5"" largo)",Área del puerto,"27.5""",Puerto,"2 × 13.75"", profundidad de 11.75""",Ventaja,Sintonizada de fábrica: no hay que calcular el puerto,,,,,,
Accesorios,LL6SA,memphis-ll6sa,Adaptador de nivel de línea de 6 canales LL6SA,Memphis,Adaptador de salida de bocina a señal RCA de 6 canales,2000,,disponible,,FALSO,VERDADERO,,,,,,,,,,,,,,,,,,,,,,,,,adaptador,,Aplicación,Conectar amplificadores a un sistema de fábrica que no tiene salidas RCA,Canales,6 canales,Instalación,Se conecta a las salidas de bocina del radio original,,,,,,,,,,,,,,
Accesorios,MEMBX,memphis-membx,Control remoto de graves Memphis MEMBX,Memphis,Control remoto de nivel de graves para amplificadores Memphis,1500,,disponible,,FALSO,VERDADERO,,,,,,,,,,,,,,,,,,,,,,,,,cable-rca,,Función,Sube o baja el nivel del canal de subwoofer desde el asiento del conductor,Marca,Memphis,Instalación,Se conecta al puerto de remoto del amplificador,Compatibilidad,Verificar el modelo de amplificador antes de instalar,,,,,,,,,,,,
Accesorios,MFLOWBTK,memphis-mflowbtk,Bocina Bluetooth MFLOWBTK,Memphis,Módulo receptor Bluetooth para agregar audio inalámbrico al sistema,1800,,disponible,,FALSO,VERDADERO,,,,,,,,,,,,,,,,,,,,,,,,,otro,,Aplicación,Radios de fábrica o amplificados sin conectividad inalámbrica,Función,Permite transmitir audio desde el teléfono a un sistema que no tiene Bluetooth,Instalación,Se conecta a una entrada auxiliar o de nivel de línea del sistema,,,,,,,,,,,,,,
Accesorios,MXA1MC,memphis-mxa1mc,Controlador tipo reloj MXA1MC,Memphis,Controlador de fuente con formato de reloj para instalaciones powersports y marinas,2800,,disponible,,FALSO,VERDADERO,,,,,,,,,,,,,,,,,,,,,,,,,otro,,Aplicación,Instalaciones powersports y marinas donde no cabe un radio convencional,Formato,"Tipo reloj (gauge style), se monta en el tablero",Serie,MXA,,,,,,,,,,,,,,
Accesorios,NPBAT,memphis-npbat,Batería auxiliar Memphis NPBAT,Memphis,Batería auxiliar para respaldar sistemas de audio de alta demanda,250,,disponible,,FALSO,VERDADERO,,,,,,,,,,,,,,,,,,,,,,,,,distribuidor,,Aplicación,Sistemas de alta potencia donde la batería del vehículo no da abasto,Función,Estabiliza el voltaje y respalda la corriente en picos de demanda del amplificador,Instalación,"En paralelo con la batería principal, requiere aislador o distribuidor",,,,,,,,,,,,,,
Accesorios,OEMBKT60,memphis-oembkt60,"Adaptadores de bocina de 6.5"" OEMBKT60",Memphis,Par de adaptadores para instalar bocinas de 6.5 pulgadas en ubicaciones de fábrica,250,,disponible,,FALSO,VERDADERO,,,,,,,,,,,,,,,,,,,,,,,,,adaptador,,Diámetro,"6.5"" (16.5 cm)",Contenido,Par de adaptadores,Función,Permite montar una bocina de reemplazo en una ubicación de fábrica de distinta medida,Instalación,Se atornilla entre el panel y la bocina,,,,,,,,,,,,
Accesorios,OEMBKT69,memphis-oembkt69,"Adaptadores de bocina de 6x9"" OEMBKT69",Memphis,Par de adaptadores para instalar bocinas de 6x9 pulgadas en ubicaciones de fábrica,250,,disponible,,FALSO,VERDADERO,,,,,,,,,,,,,,,,,,,,,,,,,adaptador,,Diámetro,"6x9"" (15 × 23 cm)",Contenido,Par de adaptadores,Función,Permite montar una bocina de reemplazo en una ubicación de fábrica de distinta medida,Instalación,Se atornilla entre el panel y la bocina,,,,,,,,,,,,
Accesorios,PEMR1X10,memphis-pemr1x10,"Cajón vacío para subwoofer de 10"" PEMR1X10",Memphis,Cajón vacío alfombrado para un subwoofer de 10 pulgadas,750,,disponible,,FALSO,VERDADERO,,,,,,,,,,,,,,,,,,,,,,,,,otro,,Aplicación,Alojar un subwoofer comprado por separado sin fabricar caja a medida,Capacidad recomendada,Un subwoofer de 10 pulgadas,Acabado,Alfombrado,,,,,,,,,,,,,,
Accesorios,PEMR1X12,memphis-pemr1x12,"Cajón vacío para subwoofer de 12"" PEMR1X12",Memphis,Cajón vacío alfombrado para un subwoofer de 12 pulgadas,900,,disponible,,FALSO,VERDADERO,,,,,,,,,,,,,,,,,,,,,,,,,otro,,Aplicación,Alojar un subwoofer comprado por separado sin fabricar caja a medida,Capacidad recomendada,Un subwoofer de 12 pulgadas,Acabado,Alfombrado,,,,,,,,,,,,,,
Accesorios,RCA-1MBR,kbt-rca-1mbr,Cable RCA de 1m RCA-1MBR,KBT,Cable de señal RCA de 1 metros con blindaje trenzado,40,,disponible,,FALSO,VERDADERO,,,,,,,,,,,,,,,,,,,,,,,,,cable-rca,1,Aplicación,Conectar las salidas preamplificadas del radio a la entrada del amplificador,Canales,2 canales,Construcción,Trenzado y blindado para rechazo de ruido,,,,,,,,,,,,,,
Accesorios,RCA-2MBR,kbt-rca-2mbr,Cable RCA de 2m RCA-2MBR,KBT,Cable de señal RCA de 2 metros con blindaje trenzado,50,,disponible,,FALSO,VERDADERO,,,,,,,,,,,,,,,,,,,,,,,,,cable-rca,2,Aplicación,Conectar las salidas preamplificadas del radio a la entrada del amplificador,Canales,2 canales,Construcción,Trenzado y blindado para rechazo de ruido,,,,,,,,,,,,,,
Accesorios,RCA-3MBR,kbt-rca-3mbr,"Cable RCA de 3m RCA-3MBR ",KBT,Cable de señal RCA de 3 metros con blindaje trenzado,50,,disponible,,FALSO,VERDADERO,,,,,,,,,,,,,,,,,,,,,,,,,cable-rca,3,Aplicación,Conectar las salidas preamplificadas del radio a la entrada del amplificador,Canales,2 canales,Construcción,Trenzado y blindado para rechazo de ruido,,,,,,,,,,,,,,
Accesorios,RCA-5MBR,kbt-rca-5mbr,Cable RCA de 5m RCA-5MBR,KBT,Cable de señal RCA de 5 metros con blindaje trenzado,60,,disponible,,FALSO,VERDADERO,,,,,,,,,,,,,,,,,,,,,,,,,cable-rca,5,Aplicación,Conectar las salidas preamplificadas del radio a la entrada del amplificador,Canales,2 canales,Construcción,Trenzado y blindado para rechazo de ruido,,,,,,,,,,,,,,
Accesorios,RCA-Y1F2MBR,kbt-rca-y1f2mbr,Adaptador Y de 1 hembra a 2 machos RCA,KBT,Adaptador Y para señal RCA de una entrada hembra a dos salidas macho,30,,disponible,,FALSO,VERDADERO,,,,,,,,,,,,,,,,,,,,,,,,,adaptador,,Aplicación,Dividir una salida preamplificada hacia dos amplificadores,Configuración,1 conector hembra a 2 machos,Marca,KBT,Construcción,Blindado,,,,,,,,,,,,
Accesorios,RCA-Y2F1MBR,kbt-rca-y2f1mbr,Adaptador Y de 2 hembras a 1 macho RCA,KBT,Adaptador Y para señal RCA de dos entradas hembra a una salida macho,30,,disponible,,FALSO,VERDADERO,,,,,,,,,,,,,,,,,,,,,,,,,adaptador,,Aplicación,Combinar dos salidas preamplificadas en una sola entrada,Configuración,2 conectores hembra a 1 macho,Marca,KBT,Construcción,Blindado,,,,,,,,,,,,
Accesorios,RFD4,rockford-fosgate-rfd4,Bloque de distribución de 1 entrada y 3 salidas RFD4,Rockford Fosgate,Bloque distribuidor de latón macizo con una entrada calibre 0 o 4 y tres salidas calibre 4 u 8,300,,disponible,,FALSO,VERDADERO,,,,,,,,,,,,,,,,,,,,,,,,,distribuidor,,Entradas,"Una, admite calibre 1/0 o 4 AWG",Salidas,"Tres, admiten calibre 4 u 8 AWG",Ajuste de calibre,Anillos adaptadores internos removibles para cambiar de medida,Material,Latón macizo maquinado a la medida,Acabado,Platinado HPP de alta resistencia a la corrosión,Dimensiones,60 × 51 × 35 mm aproximados,Montaje,"Dos barrenos de 3/16"" separados 1 3/4"" centro a centro",,,,,,
Accesorios,RFI-16,rockford-fosgate-rfi-16,Cable RCA de 2 canales y 16 pies RFI-16,Rockford Fosgate,Cable de señal RCA de par trenzado de 16 pies con extremos platinados,150,,disponible,,FALSO,VERDADERO,,,,,,,,,,,,,,,,,,,,,,,,,cable-rca,16,Canales,2 canales,Construcción,Par trenzado con 3 vueltas por pulgada: los conductores alternan polaridad y cancelan el ruido,Conductor,Cobre libre de oxígeno (OFC),Conectores,Extremos platinados con pin central dividido para contacto firme,Blindaje,Forro esmerilado flexible con rechazo de interferencia RFI y EMI,Garantía,1 año,,,,,,,,
Accesorios,RFI-6,rockford-fosgate-rfi-6,Cable RCA de 2 canales y 16 pies RFI-6,Rockford Fosgate,Cable de señal RCA de par trenzado de 6 pies con extremos platinados,150,,disponible,,FALSO,VERDADERO,,,,,,,,,,,,,,,,,,,,,,,,,cable-rca,6,Canales,2 canales,Construcción,Par trenzado con 3 vueltas por pulgada: los conductores alternan polaridad y cancelan el ruido,Conductor,Cobre libre de oxígeno (OFC),Conectores,Extremos platinados con pin central dividido para contacto firme,Blindaje,Forro esmerilado flexible con rechazo de interferencia RFI y EMI,Garantía,1 año,,,,,,,,
Accesorios,ROLLER,soundskins-roller,Rodillo aplicador,SoundSkins,Rodillo de mano para adherir la lámina insonorizante a la superficie,125,,disponible,,FALSO,VERDADERO,,,,,,,,,,,,,,,,,,,,,,,,,otro,,Material,Rodillo con mango,Uso,Presiona la lámina contra el metal para eliminar burbujas de aire,Importancia,Sin rodillo el butilo no adhiere completo y la lámina puede despegarse,Aplicación,Todas las láminas de butilo de la línea SoundSkins,,,,,,,,,,,,
Accesorios,RV12,cerwin-vega-rv12,Cable RCA de 2 canales y 12 pies RV12,Cerwin Vega,Cable de señal RCA de 2 canales y 12 pies con par trenzado dual,100,,disponible,,FALSO,VERDADERO,,,,,,,,,,,,,,,,,,,,,,,,,cable-rca,12,Canales,2 canales,Conductor,Cobre libre de oxígeno (OFC),Terminales,Extremos moldeados dobles,Serie,Vega,,,,,,,,,,,,
Accesorios,RV17,cerwin-vega-rv17,Cable RCA de 2 canales y 17 pies RV17,Cerwin Vega,Cable de señal RCA de 2 canales y 17 pies con par trenzado dual,125,,disponible,,FALSO,VERDADERO,,,,,,,,,,,,,,,,,,,,,,,,,cable-rca,17,Canales,2 canales,Conductor,Cobre libre de oxígeno (OFC),Terminales,Extremos moldeados dobles,Serie,Vega,,,,,,,,,,,,
Accesorios,RV410,cerwin-vega-rv410,Cable RCA de 4 canales y 10 pies RV410,Cerwin Vega,Cable de señal RCA de 4 canales y 10 pies con par trenzado dual,175,,disponible,,FALSO,VERDADERO,,,,,,,,,,,,,,,,,,,,,,,,,cable-rca,10,Canales,4 canales,Conductor,Cobre libre de oxígeno (OFC),Terminales,Extremos moldeados dobles,Serie,Vega,,,,,,,,,,,,
Accesorios,RV417,cerwin-vega-rv417,Cable RCA de 4 canales y 17 pies RV417,Cerwin Vega,Cable de señal RCA de 4 canales y 17 pies con par trenzado dual,175,,disponible,,FALSO,VERDADERO,,,,,,,,,,,,,,,,,,,,,,,,,cable-rca,17,Canales,4 canales,Conductor,Cobre libre de oxígeno (OFC),Terminales,Extremos moldeados dobles,Serie,Vega,,,,,,,,,,,,
Accesorios,RV46,cerwin-vega-rv46,Cable RCA de 4 canales y 6 pies RV46,Cerwin Vega,Cable de señal RCA de 4 canales y 6 pies con par trenzado dual,150,,disponible,,FALSO,VERDADERO,,,,,,,,,,,,,,,,,,,,,,,,,cable-rca,6,Canales,4 canales,Conductor,Cobre libre de oxígeno (OFC),Terminales,Extremos moldeados dobles,Serie,Vega,,,,,,,,,,,,
Accesorios,RV6,cerwin-vega-rv6,Cable RCA de 2 canales y 6 pies RV6,Cerwin Vega,Cable de señal RCA de 2 canales y 6 pies con par trenzado dual,80,,disponible,,FALSO,VERDADERO,,,,,,,,,,,,,,,,,,,,,,,,,cable-rca,6,Canales,2 canales,Conductor,Cobre libre de oxígeno (OFC),Terminales,Extremos moldeados dobles,Serie,Vega,,,,,,,,,,,,
Accesorios,RVY2F,cerwin-vega-rvy2f,Adaptador Y RCA de 1 macho a 2 hembras RVY2F,Cerwin Vega,Adaptador Y para señal RCA de una entrada macho a dos salidas hembra,80,,disponible,,FALSO,VERDADERO,,,,,,,,,,,,,,,,,,,,,,,,,adaptador,,Aplicación,Combinar o derivar señal entre equipos,Configuración,1 conector macho a 2 hembras,Serie,Vega,,,,,,,,,,,,,,
Accesorios,RVY2M,cerwin-vega-rvy2m,Adaptador Y RCA de 1 hembra a 2 machos RVY2M,Cerwin Vega,Adaptador Y para señal RCA de una entrada hembra a dos salidas macho,80,,disponible,,FALSO,VERDADERO,,,,,,,,,,,,,,,,,,,,,,,,,adaptador,,Aplicación,Dividir una salida preamplificada hacia dos amplificadores,Configuración,1 conector hembra a 2 machos,Serie,Vega,,,,,,,,,,,,,,
Accesorios,SB3X,cerwin-vega-sb3x,Restaurador de graves SB3X,Cerwin Vega,Procesador restaurador de graves para realzar las bajas frecuencias del sistema,3400,,disponible,,FALSO,VERDADERO,,,,,,,,,,,,,,,,,,,,,,,,,cable-rca,,Aplicación,Sistemas con radio de fábrica donde los graves llegan recortados,Instalación,En línea entre la fuente y el amplificador,Marca,Cerwin Vega,Función,Refuerza y recupera las bajas frecuencias perdidas en la señal de la fuente,,,,,,,,,,,,
Accesorios,SILENT STRIP,soundskins-silent-strip,Silent Strip - Tira selladora,SoundSkins,Tira de espuma de celda cerrada para sellar uniones entre paneles,100,,disponible,,FALSO,VERDADERO,,,,,,,,,,,,,,,,,,,,,,,,,otro,,Material,Espuma de hule de celda cerrada,Diámetro,"3/8"" de ancho (también disponible en 1/2"", 3/4"" y 1"")",Función,"Crea un sello hermético que bloquea ruido de viento, humedad, frío y calor",Aplicación,"Entre puerta y panel, clips de panel, guantera y uniones de plásticos",Resistencia,"Resistente a la intemperie, temperatura y químicos",,,,,,,,,,
Accesorios,SLMLOCT2,cerwin-vega-slmloct2,Convertidor SYNCLINK Mini LOC de 2 canales con disparo,Cerwin Vega,Convertidor de línea compacto de 2 canales con salida de encendido remoto,350,,agotado,,FALSO,FALSO,,,,,,,,,,,,,,,,,,,,,,,,,cable-rca,,Canales,2 canales,Extras,Salida de disparo para encendido remoto del amplificador,Serie,SYNCLINK Mini LOC,,,,,,,,,,,,,,
Accesorios,SMC3,memphis-smc3,Controlador de fuente SMC3,Memphis,Controlador de fuente y volumen para sistemas de audio Memphis,4800,,disponible,,FALSO,VERDADERO,,,,,,,,,,,,,,,,,,,,,,,,,cable-rca,,Aplicación,"Sistemas sin radio convencional, comunes en powersports y uso marino",Función,Selecciona la fuente de audio y ajusta el nivel desde el tablero,Protección,IP66,Marca,Memphis,Entradas,"AM/FM. USB, Bluetooth y AUX",,,,,,,,,,
Accesorios,SPK RINGS V3,soundskins-spk-rings-v3,Rings V3 - Kit de sellado para bocinas,SoundSkins,Kit de anillos de espuma en tiras que se adapta a cualquier tamaño de bocina,600,,disponible,,VERDADERO,VERDADERO,,,,,,,,,,,,,,,,,,,,,,,,,otro,,Material,"Espuma de hule de celda cerrada, impermeable y de alta recuperación",Espesor,"1"" (25 mm)",Contenido,6 tiras de sellado y 4 paneles de absorción de onda trasera,Compatibilidad,"Cualquier tamaño y forma de bocina, de 1"" a 6x9""",Adhesivo,"3M de alto poder, se adhiere a cualquier superficie incluidos otros productos SoundSkins",Función,Sella la bocina al panel de la puerta para que el sonido no se pierda dentro,Rendimiento,Alcanza para 6 bocinas o más,Ventaja,Celda cerrada en vez de celda abierta: no absorbe agua ni se despega con el tiempo,,,,
Accesorios,UTPF-17,memphis-utpf-17,Cable RCA de 2 canales UTPF de 17 pies UTPF-17,Memphis,Cable de interconexión RCA premium de 2 canales y 17 pies con hiper trenzado,300,,disponible,,FALSO,VERDADERO,,,,,,,,,,,,,,,,,,,,,,,,,cable-rca,17,Canales,2 canales,Construcción,Tecnología True Twist de hiper trenzado para máximo rechazo de ruido,Conectores,Metálicos maquinados con acabado cromo satinado y punta dividida de níquel,Forro,"Translúcido esmerilado de una sola capa, suave y maleable",Extras,Alivio de tensión moldeado integrado,Línea,"Memphis Connection UTPF, la línea de mayor calidad de la marca",,,,,,,,
Accesorios,UTPF-17.4,memphis-utpf-17-4,Cable RCA de 4 canales UTPF de 17 pies UTPF-17.4,Memphis,Cable de interconexión RCA premium de 4 canales y 17 pies con hiper trenzado,600,,disponible,,FALSO,VERDADERO,,,,,,,,,,,,,,,,,,,,,,,,,cable-rca,17,Canales,4 canales,Construcción,Tecnología True Twist de hiper trenzado para máximo rechazo de ruido,Conectores,Metálicos maquinados con acabado cromo satinado y punta dividida de níquel,Forro,"Translúcido esmerilado de una sola capa, suave y maleable",Extras,Alivio de tensión moldeado integrado,Línea,"Memphis Connection UTPF, la línea de mayor calidad de la marca",,,,,,,,
Accesorios,UTPF-21.4,memphis-utpf-21-4,Cable RCA de 4 canales UTPF 21 pies UTPF-21.4,Memphis,Cable de interconexión RCA premium de 4 canales y 21 pies con hiper trenzado,650,,disponible,,FALSO,VERDADERO,,,,,,,,,,,,,,,,,,,,,,,,,cable-rca,21,Canales,4 canales,Construcción,Tecnología True Twist de hiper trenzado para máximo rechazo de ruido,Conectores,Metálicos maquinados con acabado cromo satinado y punta dividida de níquel,Forro,"Translúcido esmerilado de una sola capa, suave y maleable",Extras,Alivio de tensión moldeado integrado,Línea,"Memphis Connection UTPF, la línea de mayor calidad de la marca",,,,,,,,
Accesorios,UTPF-3,memphis-utpf-3,Cable RCA de 2 canales UTPF de 3 pies UTPF-3,Memphis,Cable de interconexión RCA premium de 2 canales y 3 pies con hiper trenzado,250,,disponible,,FALSO,VERDADERO,,,,,,,,,,,,,,,,,,,,,,,,,cable-rca,3,Canales,2 canales,Construcción,Tecnología True Twist de hiper trenzado para máximo rechazo de ruido,Conectores,Metálicos maquinados con acabado cromo satinado y punta dividida de níquel,Forro,"Translúcido esmerilado de una sola capa, suave y maleable",Extras,Alivio de tensión moldeado integrado,Línea,"Memphis Connection UTPF, la línea de mayor calidad de la marca",,,,,,,,
Accesorios,UTPF-35R3,memphis-utpf-35r3,Cable UTPF de 3 pies - 3.5 mm a RCA UTPF-35R3,Memphis,Cable de interconexión premium de 3 pies con plug de 3.5 mm a RCA,125,,disponible,,FALSO,VERDADERO,,,,,,,,,,,,,,,,,,,,,,,,,cable-rca,3,Aplicación,Conectar teléfono o reproductor portátil a la entrada auxiliar del sistema,Línea,Memphis Connection UTPF,Construcción,Tecnología True Twist de hiper trenzado para rechazo de ruido,Conectores,Metálicos maquinados con acabado cromo satinado,,,,,,,,,,,,
Accesorios,UTPF-35R6,memphis-utpf-35r6,Cable UTPF de 6 pies - 3.5 mm a RCA UTPF-35R6,Memphis,Cable de interconexión premium de 6 pies con plug de 3.5 mm a RCA,150,,disponible,,FALSO,VERDADERO,,,,,,,,,,,,,,,,,,,,,,,,,cable-rca,6,Aplicación,Conectar teléfono o reproductor portátil a la entrada auxiliar del sistema,Línea,Memphis Connection UTPF,Construcción,Tecnología True Twist de hiper trenzado para rechazo de ruido,Conectores,Metálicos maquinados con acabado cromo satinado,,,,,,,,,,,,
Amplificadores,CM-1200X4,kbt-cm-1200x4,Amplificador marino de 4 canales CM-1200X4,KBT,Amplificador marino de 4 canales con certificación IP68 para embarcaciones y todoterreno,3300,,disponible,,FALSO,VERDADERO,,,600,,,,,,4,D,,,,,,,,,,,,,,,,,Potencia máxima,"1,200 W",Protección,IP68,Protección ambiental,"IP68, resistente a agua y polvo",Aplicación,"Bocinas en embarcaciones, UTV, cuatrimotos y vehículos todoterreno",Línea,CM Marine,,,,,,,,,,
Amplificadores,CM-1500X1,kbt-cm-1500x1,Amplificador marino monoblock CM-1500X1,KBT,Amplificador marino monoblock clase D con certificación IP68 para embarcaciones y todoterreno,3800,,disponible,,FALSO,VERDADERO,,,1500,,,,,,1,D,,,,,,,,,,,,,,,,,Potencia máxima,"1,500 W",Protección,IP68,Protección ambiental,"IP68, resistente a agua y polvo",Aplicación,"Embarcaciones, UTV, cuatrimotos y vehículos todoterreno",Línea,CM Marine,,,,,,,,,,
Amplificadores,CM-3000X5,kbt-cm-3000x5,Amplificador marino de 5 canales CM-3000X5,KBT,Amplificador marino de 5 canales con certificación IP68 para sistema completo con subwoofer,4000,,disponible,,FALSO,VERDADERO,,,1500,,,,,,5,D,,,,,,,,,,,,,,,,,Potencia máxima,"3,000 W",Protección,IP68,Protección ambiental,"IP68, resistente a agua y polvo",Aplicación,"Sistema completo con subwoofer en embarcaciones, UTV y todoterreno",Línea,CM Marine,,,,,,,,,,
Amplificadores,COR-1.2K,kbt-cor-1-2k,Amplificador Coronel monoblock COR-1.2K,KBT,Amplificador monoblock clase D de rango completo de la línea Coronel,2800,,disponible,,FALSO,VERDADERO,,,1200,,,,,,1,D,,,,,,,,,,,,,,,,,Potencia máxima,"2,400 W",Línea,Coronel,Protecciones,"Térmica, bajo voltaje y cortocircuito",Construcción,Chasis de aluminio con nanotecnología y control remoto de ganancia,,,,,,,,,,,,
Amplificadores,COR-1.2K4,kbt-cor-1-2k4,Amplificador Coronel de 4 canales COR-1.2K4,KBT,Amplificador de 4 canales clase D de rango completo de la línea Coronel,3300,,disponible,,FALSO,VERDADERO,,,1200,,,,,,4,D,,,,,,,,,,,,,,,,,Potencia máxima,"2,400 W",Línea,Coronel,Construcción,Chasis de aluminio con nanotecnología,Protecciones,"Térmica, bajo voltaje y cortocircuito",,,,,,,,,,,,
Amplificadores,COR-3K,kbt-cor-3k,Amplificador Coronel monoblock COR-3K,KBT,"Amplificador monoblock clase D de rango completo con 3,000 W RMS a 1 ohm",4000,,disponible,,FALSO,VERDADERO,,,3000,,,,,,1,D,,,,,,,,,,,,,,,,,Potencia RMS,"3,000 W @ 1 Ω · 1,600 W @ 2 Ω · 900 W @ 4 Ω",Potencia máxima,"6,000 W @ 1 Ω",Filtros,Pasa bajos 10 – 90 Hz · Pasa altos 90 Hz – 10 kHz,Refuerzo de graves,"0 – 10 dB, frecuencia ajustable de 35 a 55 Hz",Respuesta en frecuencia,20 Hz – 10 kHz,Relación señal/ruido,92 dB,Protecciones,"Térmica, bajo voltaje y cortocircuito, con indicador LED",Dimensiones,"222 × 213 × 70 mm, chasis de aluminio con control remoto de ganancia",,,,
Amplificadores,D1-1500MD,kbt-d1-1500md,Amplificador Delta monoblock D1-1500MD,KBT,Amplificador monoblock clase D con 600 W RMS a 1 ohm y control remoto de ganancia,1950,,disponible,,FALSO,VERDADERO,,,600,,,,,,1,D,,,,,,,,,,,,,,,,,Potencia RMS,600 W @ 1 Ω · 400 W @ 2 Ω · 250 W @ 4 Ω,Potencia máxima,"1,500 W @ 1 Ω · 1,000 W @ 2 Ω · 600 W @ 4 Ω",Filtros,Pasa bajos 40 – 180 Hz · Subsónico 15 – 50 Hz,Respuesta en frecuencia,20 Hz – 250 Hz,Refuerzo de graves,0 – 12 dB,Distorsión armónica (THD),0.01 % @ 4 Ω,Relación señal/ruido,91 dB,Dimensiones,"219 × 150 × 50 mm, chasis de aluminio con control remoto de ganancia",,,,
Amplificadores,D1-2500MD,kbt-d1-2500md,Amplificador Delta monoblock D1-2500MD,KBT,Amplificador monoblock clase D con 800 W RMS a 1 ohm y control remoto de ganancia,2200,,disponible,,VERDADERO,VERDADERO,,,800,,,,,,1,D,,,,,,,,,,,,,,,,,Potencia RMS,800 W @ 1 Ω · 500 W @ 2 Ω · 300 W @ 4 Ω,Potencia máxima,"2,500 W @ 1 Ω · 1,500 W @ 2 Ω · 900 W @ 4 Ω",Filtros,Pasa bajos 40 – 180 Hz · Subsónico 15 – 50 Hz,Respuesta en frecuencia,20 Hz – 250 Hz,Refuerzo de graves,0 – 12 dB,Distorsión armónica (THD),0.01 % @ 4 Ω,Relación señal/ruido,91 dB,Dimensiones,"282 × 150 × 50 mm, chasis de aluminio con nanotecnología",,,,
Amplificadores,D4-1000MD,kbt-d4-1000md,Amplificador Delta de 4 canales D4-1000MD,KBT,Amplificador de 4 canales clase D con 300 W RMS por par en puente,2000,,disponible,,FALSO,VERDADERO,,,300,,,,,,4,D,,,,,,,,,,,,,,,,,Potencia RMS,300 W × 2 @ 4 Ω en puente,Potencia máxima,"1,000 W @ 4 Ω en puente",Construcción,Chasis de aluminio con nanotecnología,Protecciones,"Térmica, bajo voltaje y cortocircuito",Línea,Delta,,,,,,,,,,
Amplificadores,D4-1500MD,kbt-d4-1500md,Amplificador Delta de 4 canales D4-1500MD,KBT,Amplificador de 4 canales clase D con 450 W RMS por par en puente,2600,,disponible,,VERDADERO,VERDADERO,,,450,,,,,,4,D,,,,,,,,,,,,,,,,,Potencia RMS,450 W × 2 @ 4 Ω en puente,Potencia máxima,"1,500 W @ 4 Ω en puente",Construcción,Chasis de aluminio con nanotecnología,Protecciones,"Térmica, bajo voltaje y cortocircuito",Línea,Delta,,,,,,,,,,
Amplificadores,D5-1500MD,kbt-d5-1500md,Amplificador Delta de 5 canales D5-1500MD,KBT,Amplificador de 5 canales clase D con 360 W RMS por par en puente,3400,,disponible,,FALSO,VERDADERO,,,360,,,,,,5,D,,,,,,,,,,,,,,,,,Potencia RMS,360 W × 2 @ 4 Ω en puente,Potencia máxima,"1,500 W @ 1 Ω",Aplicación,Sistema completo: cuatro bocinas más un subwoofer con un solo equipo,Construcción,Chasis de aluminio con nanotecnología,Protecciones,"Térmica, bajo voltaje y cortocircuito",Línea,Delta,,,,,,,,
Amplificadores,M2-300X4,rockford-fosgate-m2-300x4,Amplificador Marine de 4 canales M2-300X4,Rockford Fosgate,Amplificador marino de 4 canales resistente a la intemperie,5300,,disponible,,VERDADERO,VERDADERO,,,300,,,,,,4,D,,,,,,,,,,,,,,,,,Protección ambiental,"Element Ready: circuito con recubrimiento conformal, disipador de aluminio con protección UV y terminales de latón niquelado grado marino",Ajuste de ganancia,C.L.E.A.N. con LED indicadores de recorte,,,,,,,,,,,,,,,,
Amplificadores,M2-500X1,rockford-fosgate-m2-500x1,Amplificador Marine monoblock M2-500X1,Rockford Fosgate,Amplificador marino monoblock resistente a la intemperie,5300,,disponible,,VERDADERO,VERDADERO,,,500,,,,,,1,D,,,,,,,,,,,,,,,,,Protección ambiental,"Element Ready con circuito impreso con recubrimiento conformal, protección UV y terminales grado marino",Ajuste de ganancia,C.L.E.A.N. con LED indicadores de recorte,,,,,,,,,,,,,,,,
Amplificadores,M2-750X5,rockford-fosgate-m2-750x5,Amplificador Marine  de 5 canales M2-750X5,Rockford Fosgate,Amplificador marino de 5 canales resistente a la intemperie,8500,,disponible,,VERDADERO,VERDADERO,,,750,,,,,,5,D,,,,,,,,,,,,,,,,,Potencia RMS,50 W × 4 + 200 W × 1 @ 4 Ω · 100 W × 4 + 350 W × 1 @ 2 Ω,Potencia total,750 W,Puenteado,200 W × 2 @ 4 Ω,Protección ambiental,"Element Ready: circuito con recubrimiento conformal, protección UV, herrajes de acero inoxidable y terminales grado marino",Filtros,"Pasa altos, pasa bajos e infrasónico, con Punch EQ",Ajuste de ganancia,C.L.E.A.N. con LED indicadores de recorte,Entradas,"Nivel alto y nivel bajo, compatible con radio original",Dimensiones,285 × 173 × 49 mm,,,,
Amplificadores,M5-1500X5,rockford-fosgate-m5-1500x5,Amplificador Marine de 5 canales M5-1500X5,Rockford Fosgate,Amplificador marino de 5 canales resistente a la intemperie,14500,,disponible,,FALSO,VERDADERO,,,1500,,,,,,5,D,,,,,,,,,,,,,,,,,Potencia RMS,100 W × 4 + 400 W × 1 @ 4 Ω · 100 W × 4 + 600 W × 1 @ 2 Ω · N/A x 4 + 600W x 1 @ 1Ω · 200W x 2 + N/A x 1 @ 4Ω puenteado,Potencia total,"1,500 W",Puenteado,200 W × 2 @ 4 Ω,Respuesta en frecuencia,10 Hz – 50 kHz,Protección ambiental,"Element Ready con sellos de panel, disipador de aluminio con recubrimiento UV, grado IPX6",Filtros,"Pasa altos, pasa bajos e infrasónico, con Punch EQ",Ajuste de ganancia,C.L.E.A.N. con LED indicadores de recorte,Entradas,"Nivel alto y nivel bajo, compatible con radio original",,,,
Amplificadores,MJP1000.1,memphis-mjp1000-1,Amplificador MOJO Pro monoblock MJP1000.1,Memphis,Amplificador monoblock clase D para subwoofer,5200,,disponible,,FALSO,VERDADERO,,,1000,,,,,,1,D,,,,,,,,,,,,,,,,,Potencia RMS,"1,000 W @ 1 Ω",Impedancia mínima,1 Ω,Crossover,Butterworth variable de 12 dB/oct con refuerzo de graves variable,Modo strap,Dos unidades se pueden acoplar para duplicar la salida,Incluye,Control remoto de graves,Disipador,Aluminio extruido con acentos expuestos y franja naranja MOJO,,,,,,,,
Amplificadores,MJP1500.1,memphis-mjp1500-1,Amplificador MOJO Pro monoblock MJP1500.1,Memphis,Amplificador monoblock clase D de alta potencia para subwoofer,6500,,disponible,,VERDADERO,VERDADERO,,,1500,,,,,,1,D,,,,,,,,,,,,,,,,,Potencia RMS,"675 W @ 4 Ω · 1,050 W @ 2 Ω · 1,500 W @ 1 Ω",Impedancia mínima,1 Ω,Distorsión armónica (THD),Menor a 1 %,Respuesta en frecuencia,11 Hz – 20 kHz,Crossover,Butterworth variable de 12 dB/oct con refuerzo de graves variable,Modo strap,Dos unidades se pueden acoplar para duplicar la salida,Sensibilidad de entrada,200 mV – 6 V bajo nivel · 3 V – 20 V alto nivel,Dimensiones,"11"" × 7.5"" × 2"" (279 × 191 × 51 mm)",,,,
Amplificadores,MJP800.4,memphis-mjp800-4,Amplificador MOJO Pro de 4 canales MJP800.4,Memphis,"Amplificador de 4 canales para bocinas, puenteable a dos canales",5200,,disponible,,VERDADERO,VERDADERO,,,800,,,,,,4,D,,,,,,,,,,,,,,,,,Potencia RMS,125 W × 4 @ 4 Ω · 200 W × 4 @ 2 Ω,Puenteado,400 W × 2 @ 4 Ω,Distorsión armónica (THD),Menor a 1 %,Relación señal/ruido,Mayor a 80 dB,Respuesta en frecuencia,10 Hz – 25 kHz,Crossover,"Butterworth variable de 12 dB/oct con refuerzo de EQ de 0, 6 o 12 dB",Sensibilidad de entrada,400 mV – 7.5 V bajo nivel · 3 V – 20 V alto nivel,Dimensiones,"8.7"" × 7.5"" × 2"" (221 × 191 × 51 mm)",,,,
Amplificadores,MX400.4,memphis-mx400-4,Amplificador powersports de 4 canales MX400.4,Memphis,Amplificador de 4 canales con certificación IP66 para vehículos utilitarios y motocicletas,4000,,disponible,,FALSO,VERDADERO,,,400,,,,,,4,D,,,,,,,,,,,,,,,,,Potencia RMS,75 W × 4 @ 4 Ω · 100 W × 4 @ 2 Ω,Protección,IP66,Puenteado,200 W × 2 @ 4 Ω,Protección ambiental,"IP66, resistente al agua y a los elementos, circuito con recubrimiento conformal y conectores sellados",Entradas,Alto y bajo nivel con selector de 2 o 4 entradas,Controles,Montados en la parte superior,Diseño,"Compacto, pensado para instalaciones side-by-side de espacio limitado",,,,,,
Amplificadores,MX800.4,memphis-mx800-4,Amplificador powersports de 4 canales MX800.4,Memphis,Amplificador de 4 canales con certificación IP66 para vehículos utilitarios y motocicletas,5600,,disponible,,VERDADERO,VERDADERO,,,800,,,,,,4,D,,,,,,,,,,,,,,,,,Potencia RMS,125 W × 4 @ 4 Ω · 200 W × 4 @ 2 Ω,Protección,IP66,Puenteado,400 W × 2 @ 4 Ω,Distorsión armónica (THD),Menor a 1 %,Relación señal/ruido,Mayor a 80 dB,Respuesta en frecuencia,10 Hz – 20 kHz,Protección ambiental,"IP66, resistente al agua y a los elementos, circuito con recubrimiento conformal y conectores sellados",Sensibilidad de entrada,"300 mV – 9.7 V, alto y bajo nivel con selector de 2 o 4 entradas",,,,
Amplificadores,P400X4,rockford-fosgate-p400x4,Amplificador Punch de 4 canales P400X4,Rockford Fosgate,"Amplificador de 4 canales para bocinas, puenteable a dos canales",5200,,disponible,,FALSO,VERDADERO,,,400,,,,,,4,AB,,,,,,,,,,,,,,,,,Potencia RMS,50 W × 4 @ 4 Ω · 100 W × 4 @ 2 Ω · 200 W × 2 @ 4 Ω puenteado,Potencia total,400 W,Crossover,"Ajustable, alta y baja",Punch EQ,No,,,,,,,,,,,,
Amplificadores,PBR300X1,rockford-fosgate-pbr300x1,Amplificador Punch monoblock compacto PBR300X1,Rockford Fosgate,Amplificador monoblock compacto de 300 W RMS a 1 ohm con tecnología Boosted Rail,3950,,disponible,,FALSO,VERDADERO,,,300,,,,,,1,BR,,,,,,,,,,,,,,,,,Potencia RMS,75 W @ 4 Ω · 150 W @ 2 Ω · 300 W @ 1 Ω,Respuesta en frecuencia,20 Hz – 250 Hz (±3 dB),Filtro pasa bajos,35 – 250 Hz a 12 dB/oct,Filtro infrasónico,"12 dB/oct, −3 dB a 28 Hz",Punch EQ,0 a +18 dB a 45 Hz,Entradas,"Nivel alto con encendido automático y RCA diferenciales, con paso de RCA",Ajuste de ganancia,C.L.E.A.N. con LED indicadores,Dimensiones,"108 × 39 × 172 mm, chasis ultracompacto",,,,
Amplificadores,PBR400X4D,rockford-fosgate-pbr400x4d,Amplificador Punch de 4 canales compacto PBR400X4D,Rockford Fosgate,Amplificador de 4 canales clase D compacto de 400 W RMS con tecnología Boosted Rail,3950,,disponible,,FALSO,VERDADERO,,,400,,,,,,4,D,,,,,,,,,,,,,,,,,Potencia RMS,50 W × 4 @ 4 Ω · 100 W × 4 @ 2 Ω,Puenteado,200 W × 2 @ 4 Ω,Potencia total,400 W RMS bajo norma CEA-2006,Crossover,Butterworth de 12 dB/oct seleccionable,Entradas,Nivel alto con encendido automático por offset DC variable y RCA diferenciales,Ajuste de ganancia,C.L.E.A.N. con detección de recorte en entrada y salida,Dimensiones,171 × 108 × 38 mm,Aplicación,"Instalaciones compactas, motocicletas, UTV y vehículos eléctricos o híbridos",,,,
Amplificadores,PRX1000.1V2,memphis-prx1000-1v2,Amplificador Power Reference monoblock PRX1000.1V2,Memphis,Amplificador monoblock clase D para subwoofer,5000,,disponible,,FALSO,VERDADERO,,,1000,,,,,,1,D,,,,,,,,,,,,,,,,,Potencia RMS,"400 W @ 4 Ω · 750 W @ 2 Ω · 1,000 W @ 1 Ω",Impedancia mínima,1 Ω,Distorsión armónica (THD),Menor a 1 %,Relación señal/ruido,Mayor a 80 dB,Respuesta en frecuencia,10 Hz – 250 Hz (±0.5 dB),Crossover,"Pasa bajos 50 – 250 Hz, Butterworth de 18 dB/oct, con subsónico variable",Sensibilidad de entrada,200 mV – 6 V,Dimensiones,"8.6"" × 5.7"" × 2.16"" (218 × 145 × 55 mm)",,,,
Amplificadores,PRX1500.1V2,memphis-prx1500-1v2,Amplificador Power Reference monoblock PRX1500.1V2,Memphis,Amplificador monoblock clase D de alta potencia para subwoofer,6200,,disponible,,VERDADERO,VERDADERO,,,1500,,,,,,1,D,,,,,,,,,,,,,,,,,Potencia RMS,"500 W @ 4 Ω · 1,000 W @ 2 Ω · 1,500 W @ 1 Ω",Impedancia mínima,1 Ω,Distorsión armónica (THD),Menor a 1 %,Relación señal/ruido,Mayor a 85 dB,Respuesta en frecuencia,10 Hz – 250 Hz (±0.5 dB),Crossover,"Pasa bajos 50 – 250 Hz, Butterworth de 18 dB/oct, con subsónico variable",Sensibilidad de entrada,200 mV – 6 V,Dimensiones,"10.92"" × 5.7"" × 2.16"" (277 × 145 × 55 mm)",,,,
Amplificadores,PRX500.4V2,memphis-prx500-4v2,Amplificador Power Reference de 4 canales PRX500.4V2,Memphis,"Amplificador de 4 canales para bocinas, puenteable a dos canales",4000,,disponible,,VERDADERO,VERDADERO,,,500,,,,,,4,D,,,,,,,,,,,,,,,,,Potencia RMS,75 W × 4 @ 4 Ω · 125 W × 4 @ 2 Ω,Puenteado,250 W × 2 @ 4 Ω,Distorsión armónica (THD),Menor a 1 %,Relación señal/ruido,Mayor a 83 dB,Respuesta en frecuencia,10 Hz – 27 kHz (±0.5 dB),Crossover,"Pasa altos y pasa bajos 50 – 250 Hz, Butterworth de 12 dB/oct",Sensibilidad de entrada,200 mV – 6 V,Dimensiones,"8.6"" × 5.7"" × 2.16"" (218 × 145 × 55 mm)",,,,
Amplificadores,PRX800.5V2,memphis-prx800-5v2,Amplificador Power Reference de 5 canales PRX800.5V2,Memphis,Amplificador de 5 canales para sistema completo con subwoofer,6700,,disponible,,FALSO,VERDADERO,,,800,,,,,,5,D,,,,,,,,,,,,,,,,,Potencia RMS,70 W × 4 + 250 W × 1 @ 4 Ω · 100 W × 4 + 400 W × 1 @ 2 Ω,Puenteado,200 W × 2 + 400 W × 1 @ 2 Ω,Distorsión armónica (THD),Menor a 1 %,Relación señal/ruido,Mayor a 80 dB,Respuesta en frecuencia,10 Hz – 21 kHz canales full range · 10 Hz – 250 Hz canal de subwoofer,Crossover,"Pasa altos y pasa bajos 50 – 250 Hz, Butterworth de 12 dB/oct",Sensibilidad de entrada,200 mV – 6 V,Dimensiones,"10.13"" × 5.7"" × 2.16"" (257 × 145 × 55 mm)",,,,
Amplificadores,R2-1200X1,rockford-fosgate-r2-1200x1,Amplificador Prime monoblock R2-1200X1,Rockford Fosgate,Amplificador monoblock clase D de alta potencia para subwoofer,6000,,disponible,,FALSO,VERDADERO,,,1200,,,,,,1,D,,,,,,,,,,,,,,,,,Potencia RMS,"400 W @ 4 Ω · 800 W @ 2 Ω · 1,200 W @ 1 Ω",Potencia total,"1,200 W",Crossover,24 dB/oct pasa bajos 50 – 250 Hz · Infrasónico 15 – 40 Hz,Punch EQ,0 a +18 dB @ 45 Hz,Relación señal/ruido,> 75 dB,Voltaje de operación,9 – 16 V CC,Fusible recomendado,200 A,Dimensiones,285 × 173 × 49 mm,,,,
Amplificadores,R2-250X1,rockford-fosgate-r2-250x1,Amplificador Prime monoblock R2-250X1,Rockford Fosgate,Amplificador monoblock clase D compacto para subwoofer,2500,,disponible,,VERDADERO,VERDADERO,,,250,,,,,,1,D,,,,,,,,,,,,,,,,,Potencia RMS,150 W @ 4 Ω · 250 W @ 2 Ω,Potencia total,250 W,Crossover,24 dB/oct pasa bajos 50 – 250 Hz · Infrasónico 15 – 40 Hz,Punch EQ,0 a +18 dB @ 45 Hz,Relación señal/ruido,> 80 dB,Voltaje de operación,9 – 16 V CC,Fusible recomendado,50 A,Dimensiones,205 × 173 × 49 mm,,,,
Amplificadores,R2-300X4,rockford-fosgate-r2-300x4,Amplificador Prime de 5 canales R2-300X4,Rockford Fosgate,"Amplificador de 4 canales para bocinas, puenteable a dos canales",3000,,disponible,,VERDADERO,VERDADERO,,,300,,,,,,4,D,,,,,,,,,,,,,,,,,Potencia RMS,50 W × 4 @ 4 Ω · 75 W × 4 @ 2 Ω · 150 W × 2 @ 4 Ω puenteado,Potencia total,300 W,Crossover,"Butterworth 12 dB/oct, 50 – 250 Hz LP/AP/HP",Punch EQ,No,Relación señal/ruido,> 70 dB,Voltaje de operación,9 – 16 V CC,Fusible recomendado,60 A,Dimensiones,255 × 173 × 49 mm,,,,
Amplificadores,R2-500X1,rockford-fosgate-r2-500x1,Amplificador Prime monoblock R2-500X1,Rockford Fosgate,Amplificador monoblock clase D para subwoofer,3400,,disponible,,FALSO,VERDADERO,,,500,,,,,,1,D,,,,,,,,,,,,,,,,,Potencia RMS,300 W @ 4 Ω · 500 W @ 2 Ω,Potencia total,500 W,Crossover,24 dB/oct pasa bajos 50 – 250 Hz · Infrasónico 15 – 40 Hz,Punch EQ,0 a +18 dB @ 45 Hz,Relación señal/ruido,> 75 dB,Voltaje de operación,9 – 16 V CC,Fusible recomendado,80 A,Dimensiones,215 × 173 × 49 mm,,,,
Amplificadores,R2-500X4,rockford-fosgate-r2-500x4,Amplificador Prime de 5 canales R2-500X4,Rockford Fosgate,"Amplificador de 4 canales para bocinas, puenteable a dos canales",4200,,disponible,,FALSO,VERDADERO,,,500,,,,,,4,D,,,,,,,,,,,,,,,,,Potencia RMS,75 W × 4 @ 4 Ω · 125 W × 4 @ 2 Ω · 250 W × 2 @ 4 Ω puenteado,Potencia total,500 W,Crossover,"Butterworth 12 dB/oct, 50 – 250 Hz LP/AP/HP",Punch EQ,No,Relación señal/ruido,> 80 dB,Voltaje de operación,9 – 16 V CC,Fusible recomendado,80 A,Dimensiones,255 × 173 × 49 mm,,,,
Amplificadores,R2-750X1,rockford-fosgate-r2-750x1,Amplificador Prime monoblock R2-750X1,Rockford Fosgate,Amplificador monoblock clase D para subwoofer,5400,,disponible,,FALSO,VERDADERO,,,750,,,,,,1,D,,,,,,,,,,,,,,,,,Potencia RMS,250 W @ 4 Ω · 500 W @ 2 Ω · 750 W @ 1 Ω,Potencia total,750 W,Crossover,24 dB/oct pasa bajos 50 – 250 Hz · Infrasónico 15 – 40 Hz,Punch EQ,0 a +18 dB @ 45 Hz,Relación señal/ruido,> 70 dB,Voltaje de operación,9 – 16 V CC,Fusible recomendado,120 A,Dimensiones,255 × 173 × 49 mm,,,,
Amplificadores,R2-750X5,rockford-fosgate-r2-750x5,Amplificador Prime de 5 canales R2-750X5,Rockford Fosgate,Amplificador de 5 canales para sistema completo con subwoofer,6000,,disponible,,FALSO,VERDADERO,,,750,,,,,,5,D,,,,,,,,,,,,,,,,,Potencia RMS,50 W × 4 @ 4 Ω · 100 W × 4 @ 2 Ω · Sub 200 W @ 4 Ω · Sub 350 W @ 2 Ω,Potencia total,750 W,Crossover,"Butterworth 12 dB/oct, 50 – 250 Hz LP/AP/HP",Punch EQ,"Solo canal mono, 0 a +18 dB @ 45 Hz",Relación señal/ruido,Frente/atrás > 80 dB · Sub > 75 dB,Voltaje de operación,9 – 16 V CC,Fusible recomendado,120 A,Dimensiones,285 × 173 × 49 mm,,,,
Amplificadores,SDR-1200.1,kbt-sdr-1200-1,Amplificador Soldier monoblock SDR-1200.1,KBT,Amplificador monoblock clase D con 600 W RMS a 1 ohm,1600,,disponible,,VERDADERO,VERDADERO,,,600,,,,,,1,D,,,,,,,,,,,,,,,,,Potencia RMS,600 W @ 1 Ω · 300 W @ 2 Ω · 150 W @ 4 Ω,Potencia máxima,"1,200 W",Filtros,Pasa bajos 40 – 180 Hz · Pasa altos 50 Hz – 2 kHz,Respuesta en frecuencia,20 Hz – 20 kHz,Distorsión armónica (THD),0.05 %,Relación señal/ruido,Mayor a 85 dB,Voltaje de operación,"9 – 16 V, sensibilidad de entrada 0.2 – 6 V",Dimensiones,300 × 200 × 25 mm,,,,
Amplificadores,SDR-1800.2,kbt-sdr-1800-2,"Amplificador Soldier de 2 canales SDR-1800.2 ",KBT,Amplificador de 2 canales clase AB con 90 W RMS por canal a 2 ohm,950,,disponible,,FALSO,VERDADERO,,,90,,,,,,2,AB,,,,,,,,,,,,,,,,,Potencia RMS,90 W × 2 @ 2 Ω · 60 W × 2 @ 4 Ω,Puenteado,180 W × 1 @ 4 Ω,Potencia máxima,"1,800 W",Filtros,Pasa bajos 50 – 500 Hz · Pasa altos 10 Hz – 30 kHz,Refuerzo de graves,"0, 6 o 12 dB",Respuesta en frecuencia,10 Hz – 36 kHz,Distorsión armónica (THD),0.05 %,Dimensiones,"200 × 180 × 51 mm, sensibilidad de entrada 0.2 – 6 V",,,,
Amplificadores,SDR-3600.4,kbt-sdr-3600-4,Amplificador Soldier de 4 canales SDR-3600.4,KBT,Amplificador de 4 canales clase AB con 90 W RMS por canal a 2 ohm,1150,,disponible,,VERDADERO,VERDADERO,,,90,,,,,,4,AB,,,,,,,,,,,,,,,,,Potencia RMS,90 W × 4 @ 2 Ω · 60 W × 4 @ 4 Ω,Puenteado,180 W × 2 @ 4 Ω,Potencia máxima,"3,600 W",Filtros,Pasa bajos 40 – 180 Hz · Pasa altos 50 Hz – 2 kHz,Refuerzo de graves,"0, 6 o 12 dB",Respuesta en frecuencia,20 Hz – 20 kHz,Relación señal/ruido,"Mayor a 85 dB, THD 0.05 %",Dimensiones,"300 × 200 × 25 mm, voltaje de operación 9 – 16 V",,,,
Amplificadores,SDR-3600.5,kbt-sdr-3600-5,Amplificador Soldier de 5 canales SDR-3600.5,KBT,Amplificador de 5 canales para sistema completo con subwoofer,1800,,disponible,,FALSO,VERDADERO,,,1800,,,,,,5,D,,,,,,,,,,,,,,,,,Potencia máxima,"3,600 W",Protecciones,"Térmica, bajo voltaje y cortocircuito",Línea,Soldier,Aplicación,Sistema completo: cuatro bocinas más un subwoofer con un solo equipo,Voltaje de operación,9 – 16 V,,,,,,,,,,
Amplificadores,SRX300.1V,memphis-srx300-1v,Amplificador Street Reference monoblock SRX300.1V,Memphis,Amplificador monoblock de 300 W a 2 ohm para subwoofer,2000,,disponible,,FALSO,VERDADERO,,,300,,,,,,1,D,,,,,,,,,,,,,,,,,Potencia RMS,300 W @ 2 Ω,Impedancia mínima,2 Ω,Serie,Street Reference,Aplicación,Alimentar un subwoofer en sistemas de entrada o rango medio,Kit recomendado,8GKIT,Control,Mando de graves incluido,,,,,,,,
Amplificadores,SRX300.4V,memphis-srx300-4v,Amplificador Street Reference de 4 canales SRX300.4V,Memphis,"Amplificador de 4 canales para bocinas, puenteable a dos canales",2600,,disponible,,VERDADERO,VERDADERO,,,300,,,,,,4,D,,,,,,,,,,,,,,,,,Potencia RMS,50 W × 4 @ 4 Ω · 75 W × 4 @ 2 Ω,Puenteado,150 W × 2 @ 4 Ω,Filtro pasa altos,"Variable de 50 a 1,000 Hz",Filtro pasa bajos,Variable de 50 a 250 Hz,Refuerzo de graves,"Seleccionable 0, +6 o +12 dB a 45 Hz",Entradas,"Alto y bajo nivel, compatible con radio original",Protección,Cortocircuito y térmica,Acabado,Iluminación LED naranja de acento,,,,
Amplificadores,SRX600.1V,memphis-srx600-1v,Amplificador Street Reference monoblock SRX600.1V,Memphis,Amplificador monoblock clase D para subwoofer,2600,,disponible,,VERDADERO,VERDADERO,,,600,,,,,,1,D,,,,,,,,,,,,,,,,,Potencia RMS,300 W @ 4 Ω · 500 W @ 2 Ω · 600 W @ 1 Ω,Impedancia mínima,1 Ω,Distorsión armónica (THD),Menor a 1 % a 4 Ω,Respuesta en frecuencia,17 Hz – 250 Hz,Filtros,Pasa bajos variable y subsónico variable,Refuerzo de graves,"Seleccionable 0, +3 o +6 dB a 45 Hz",Incluye,Control remoto de nivel de graves,Dimensiones,"8.92"" × 7.87"" × 2.16"" (227 × 200 × 55 mm)",,,,
Amplificadores,TNT-1200.4,kbt-tnt-1200-4,Amplificador Lieutenant de 4 canales TNT-1200.4,KBT,Amplificador de 4 canales de la línea Lieutenant para bocinas,1750,,disponible,,FALSO,VERDADERO,,,600,,,,,,4,AB,,,,,,,,,,,,,,,,,Potencia máxima,"1,200 W",Protecciones,"Térmica, bajo voltaje y cortocircuito",Línea,Lieutenant,Aplicación,Bocinas de puerta y componentes,,,,,,,,,,,,
Amplificadores,TNT-1600.1,kbt-tnt-1600-1,Amplificador Lieutenant monoblock TNT-1600.1,KBT,Amplificador monoblock clase D de la línea Lieutenant para subwoofer,1650,,disponible,,FALSO,VERDADERO,,,800,,,,,,1,D,,,,,,,,,,,,,,,,,Potencia máxima,"1,600 W",Línea,Lieutenant,Aplicación,Alimentar un subwoofer,Protecciones,"Térmica, bajo voltaje y cortocircuito",,,,,,,,,,,,
Amplificadores,TNT-1600.4,kbt-tnt-1600-4,Amplificador Lieutenant de 4 canales TNT-1600.4,KBT,Amplificador de 4 canales de la línea Lieutenant para bocinas,2000,,disponible,,VERDADERO,VERDADERO,,,800,,,,,,4,AB,,,,,,,,,,,,,,,,,Potencia máxima,"1,600 W",Protecciones,"Térmica, bajo voltaje y cortocircuito",Línea,Lieutenant,Aplicación,Bocinas de puerta y componentes,,,,,,,,,,,,
Amplificadores,TNT-3000.1,kbt-tnt-3000-1,Amplificador Lieutenant monoblock TNT-3000.1,KBT,Amplificador monoblock clase D de la línea Lieutenant para subwoofer,2200,,disponible,,VERDADERO,VERDADERO,,,1500,,,,,,1,D,,,,,,,,,,,,,,,,,Potencia máxima,"3,000 W",Línea,Lieutenant,Aplicación,Alimentar uno o más subwoofers,Protecciones,"Térmica, bajo voltaje y cortocircuito",,,,,,,,,,,,
Amplificadores,VIV1100.1V2,memphis-viv1100-1v2,Amplificador VIV monoblock VIV1100.2,Memphis,Amplificador monoblock clase D para subwoofer,7000,,disponible,,FALSO,VERDADERO,,,1100,,,,,,1,D,,,,,,,,,,,,,,,,,Potencia RMS,"1,100 W @ 1 Ω",Impedancia mínima,1 Ω,Procesamiento,DSP con pendientes de crossover de 48 dB/oct (solo pasa bajos),Refuerzo de graves,"Hasta 18 dB con M-Equalization ajustable en nivel, frecuencia y Q",Control remoto,Opcional inalámbrico VIVREMV2,Acabado,Aluminio anodizado cepillado gunmetal con LED de 7 colores seleccionables,Serie,SixFive V2,,,,,,
Amplificadores,VIV400.4V2,memphis-viv400-4v2,Amplificador VIV de 4 canales VIV400.4V2,Memphis,"Amplificador de 4 canales para bocinas, puenteable a dos canales",5500,,disponible,,VERDADERO,VERDADERO,,,400,,,,,,4,D,,,,,,,,,,,,,,,,,Potencia RMS,100 W × 4 @ 2 Ω,Impedancia mínima,"2 Ω en estéreo, 4 Ω puenteado",Procesamiento,DSP con pendientes de crossover de 24 dB/oct,Filtros,"Pasa altos y pasa bajos en todos los canales, con pasa banda en dos canales",Refuerzo de graves,Hasta 18 dB,Acabado,Aluminio anodizado cepillado gunmetal con LED de 7 colores seleccionables,Serie,SixFive V2,,,,,,
Amplificadores,VIV600.4V2,memphis-viv600-4v2,Amplificador VIV de 4 canales VIV600.4V2,Memphis,"Amplificador de 4 canales para bocinas, puenteable a dos canales",7100,,disponible,,FALSO,VERDADERO,,,600,,,,,,4,D,,,,,,,,,,,,,,,,,Potencia RMS,80 W × 4 @ 4 Ω · 150 W × 4 @ 2 Ω,Puenteado,300 W × 2 @ 4 Ω,Procesamiento,DSP con pendientes de crossover de 24 dB/oct,Filtros,"Pasa altos y pasa bajos en todos los canales, con pasa banda en dos canales",Refuerzo de graves,Hasta 18 dB,Acabado,Aluminio anodizado cepillado gunmetal con LED de 7 colores seleccionables,Serie,SixFive V2,,,,,,
Amplificadores,VIV750.6V2,memphis-viv750-6v2,Amplificador VIV de 6 canales VIV750.6V2,Memphis,Amplificador de 6 canales para sistema multicanal,8500,,disponible,,FALSO,VERDADERO,,,750,,,,,,6,D,,,,,,,,,,,,,,,,,Potencia RMS,125 W × 6 @ 2 Ω,Impedancia mínima,2 Ω en estéreo,Procesamiento,DSP con pendientes de crossover de 24 dB/oct,Filtros,"Pasa altos y pasa bajos en todos los canales, con pasa banda en dos canales",Refuerzo de graves,Hasta 18 dB,Acabado,Aluminio anodizado cepillado gunmetal con LED de 7 colores seleccionables,Serie,SixFive V2,,,,,,
Bocinas,165 AC,focal-165-ac,"Bocinas coaxiales de 6.5"" Access 165 AC",Focal,Par de bocinas coaxiales de 6.5 pulgadas de 2 vías,1650,,disponible,,VERDADERO,VERDADERO,,"6.5""",60,4,,63,91,coaxial-2v,,,,,,,,,,,,,,,,,,,Potencia máxima,120 W,Respuesta en frecuencia,60 Hz – 20 kHz,Tweeter,Domo invertido de aluminio sobre montaje giratorio e inclinable,Membrana,DFS de fibra de vidrio con suspensión de butilo,,,,,,,,,,,,
Bocinas,165 AS,focal-165-as,"Componente Access de 6.5"" 165 AS",Focal,Juego de componentes de 6.5 pulgadas de 2 vías con crossover pasivo,2200,,disponible,,FALSO,VERDADERO,,"6.5""",60,4,,,91,componentes-2v,,,,,,,,,,,,,,,,,,,Potencia máxima,120 W,Respuesta en frecuencia,60 Hz – 20 kHz,Tweeter,"Domo invertido de aluminio, nivel ajustable en 3 posiciones (−3 / 0 / +3 dB)",Membrana,DFS de fibra de vidrio con suspensión de butilo,Bobina,"Doble capa de 25 mm (1"") sobre soporte Kapton",,,,,,,,,,
Bocinas,165 AS3,focal-165-as3,"Componente Access de 6.5"" 165 AS3",Focal,Juego de componentes de 6.5 pulgadas de 3 vías con crossover pasivo,3300,,disponible,,FALSO,VERDADERO,,"6.5""",80,4,,63,90,componentes-3v,,,,,,,,,,,,,,,,,,,Potencia máxima,160 W,Respuesta en frecuencia,55 Hz – 20 kHz (±3 dB),Tweeter,"Domo invertido de aluminio TN43, nivel ajustable en 3 posiciones",Membrana,DFS de fibra de vidrio con suspensión de butilo,,,,,,,,,,,,
Bocinas,ACX 100,focal-acx-100,"Bocinas coaxiales Auditor de 4"" ACX 100",Focal,Par de bocinas coaxiales de 4 pulgadas de 2 vías,800,,disponible,,FALSO,VERDADERO,,"4""",30,4,,48,88,coaxial-2v,,,,,,,,,,,,,,,,,,,Potencia máxima,60 W,Respuesta en frecuencia,80 Hz – 21 kHz,Tweeter,Domo invertido de mylar,Membrana,Polipropileno con suspensión de butilo y motor de ferrita,,,,,,,,,,,,
Bocinas,ACX 130,focal-acx-130,"Bocinas coaxiales Auditor de 5.25"" ACX 130",Focal,Par de bocinas coaxiales de 5.25 pulgadas de 2 vías,950,,disponible,,FALSO,VERDADERO,,"5.25""",50,4,,55,90,coaxial-2v,,,,,,,,,,,,,,,,,,,Potencia máxima,100 W,Respuesta en frecuencia,65 Hz – 21 kHz,Tweeter,Domo invertido de mylar,Membrana,Polipropileno con suspensión de butilo y motor de ferrita,,,,,,,,,,,,
Bocinas,ACX 165,focal-acx-165,"Bocinas coaxiales Auditor de 6.5"" ACX 165",Focal,Par de bocinas coaxiales de 6.5 pulgadas de 2 vías,950,,disponible,,VERDADERO,VERDADERO,,"6.5""",60,4,,,91.5,coaxial-2v,,,,,,,,,,,,,,,,,,,Potencia máxima,120 W,Respuesta en frecuencia,60 Hz – 21 kHz (±3 dB),Tweeter,Domo invertido de mylar,Membrana,Polipropileno con suspensión de butilo y motor de ferrita,Incluye,Rejillas de ABS y de malla,,,,,,,,,,
Bocinas,ASE 165,focal-ase-165,"Componente Auditor de 6.5"" ASE 165",Focal,Juego de componentes de 6.5 pulgadas con tweeter de montaje ajustable,1250,,disponible,,FALSO,VERDADERO,,"6.5""",60,4,,62,91.5,componentes-2v,,,,,,,,,,,,,,,,,,,Potencia máxima,120 W,Respuesta en frecuencia,60 Hz – 21 kHz,Tweeter,Domo invertido de mylar,Membrana,Polipropileno con suspensión de butilo y motor de ferrita,,,,,,,,,,,,
Bocinas,CANAMX365FE,memphis-canamx365fe,Pods delanteros para Can-Am X3,Memphis,Par de pods delanteros de ajuste directo para Can-Am X3 2017 y posteriores,25400,,disponible,,FALSO,VERDADERO,,"6.5""",75,4,,,,coaxial-2v,,,,,,,,,,,,,,,,,,,Ajuste,"Directo, sin fabricación",Tipo,Pods de bocina de ajuste directo OEM,Aplicación,Can-Am X3 modelos 2017 y posteriores,Ubicación,Posición delantera,Instalación,"Ajuste directo, no requiere fabricación ni modificación del vehículo",Presentación,Par de pods,,,,,,,,
Bocinas,CLUB 6520,jbl-club-6520,"Bocinas coaxiales Club de 6.5"" CLUB 6520 ",JBL,Par de bocinas coaxiales de 6.5 pulgadas de 2 vías,750,,disponible,,VERDADERO,VERDADERO,,"6.5""",50,3,,,92,coaxial-2v,,,,,,,,,,,,,,,,,,,Potencia máxima,150 W,Respuesta en frecuencia,55 Hz – 20 kHz,Cono,Polipropileno con arquitectura Plus One,Tweeter,Domo balanceado de PEI de accionamiento perimetral,Contenido,Par de bocinas con rejillas y herrajes,,,,,,,,,,
Bocinas,CPT-165,kbt-cpt-165,"Bocinas coaxiales Captain de 6.5"" CPT-165",KBT,Par de bocinas de 6.5 pulgadas de la línea Captain,800,,disponible,,FALSO,VERDADERO,,"6.5""",75,4,,,,coaxial-2v,,,,,,,,,,,,,,,,,,,Línea,Captain,,,,,,,,,,,,,,,,,,
Bocinas,CPT-BLT1,kbt-cpt-blt1,Tweeter de punta de bala de 40 mm CPT-BLT1,KBT,"Tweeter tipo bala de diafragma de aluminio, 60 W RMS y 103 dB de sensibilidad",400,,disponible,,FALSO,VERDADERO,,40 mm,60,4,,,103,tweeter,,,,,,,,,,,,,,,,,,,Potencia máxima,120 W,Respuesta en frecuencia,3 kHz – 20 kHz,Diafragma,Aluminio,Aplicación,"Sistemas de alta presión sonora, se combina con bocinas de medio rango",,,,,,,,,,,,
Bocinas,CPT-FR65AW,kbt-cpt-fr65aw,"Bocinas rango completo Captain de 6.5"" CPT-FR65AW",KBT,Bocina de rango completo de 6.5 pulgadas resistente al agua de la línea Captain,1850,,disponible,,FALSO,VERDADERO,,"6.5""",75,4,,,,coaxial-2v,,,,,,,,,,,,,,,,,,,Resistencia,Construcción resistente al agua (all weather),Línea,Captain,Aplicación,"Carenados de moto, side-by-side y uso marino",,,,,,,,,,,,,,
Bocinas,CPT-MR65,kbt-cpt-mr65,"Bocinas rango medio Captain de 6.5"" CPT-MR65",KBT,Bocina de medio rango de 6.5 pulgadas de la línea Captain para alta presión sonora,900,,disponible,,FALSO,VERDADERO,,"6.5""",125,4,,,,medio-rango,,,,,,,,,,,,,,,,,,,Línea,Captain,Aplicación,"Sistemas de alta presión sonora, se combina con tweeters tipo bala",,,,,,,,,,,,,,,,
Bocinas,CVP65,cerwin-vega-cvp65,"Bocinas de medio rango CVP de 6.5"" CVP65",Cerwin Vega,Bocina de medio rango de 6.5 pulgadas para sistemas de alta presión sonora,700,,disponible,,FALSO,VERDADERO,,"6.5""",150,4,,,93,medio-rango,,,,,,,,,,,,,,,,,,,Potencia máxima,300 W,Cono,Papel tratado,Aplicación,"Alta presión sonora en autos, motocicletas e instalaciones personalizadas",Presentación,Unidad individual,,,,,,,,,,,,
Bocinas,CVP69,cerwin-vega-cvp69,"Bocinas de medio rango CVP de 6x9"" CVP69",Cerwin Vega,Bocina de rango completo de 6x9 pulgadas para sistemas de alta presión sonora,750,,disponible,,FALSO,VERDADERO,,"6x9""",150,4,,,94,medio-rango,,,,,,,,,,,,,,,,,,,Potencia máxima,300 W,Cono,Papel tratado,Bobina,"1.5"" de una capa, alta temperatura",Imán,20 oz,Canasta,Acero estampado de servicio pesado,,,,,,,,,,
Bocinas,CVP8,cerwin-vega-cvp8,"Bocinas de medio rango CVP de 8"" CVP8",Cerwin Vega,Bocina de rango completo de 8 pulgadas para sistemas de alta presión sonora,750,,disponible,,FALSO,VERDADERO,,"8""",170,4,,,95,medio-rango,,,,,,,,,,,,,,,,,,,Potencia máxima,350 W,Cono,Papel tratado,Aplicación,"Alta presión sonora en autos, motocicletas e instalaciones personalizadas",Presentación,Unidad individual,,,,,,,,,,,,
Bocinas,CVPX1,cerwin-vega-cvpx1,"Tweeter de bocina CVPX de 1"" CVPX1",Cerwin Vega,Tweeter de bocina de 1 pulgada con diafragma reemplazable y crossover incluido,400,,disponible,,VERDADERO,VERDADERO,,"1""",30,4,,32,96,tweeter,,,,,,,,,,,,,,,,,,,Potencia máxima,60 W,Incluye,Crossover,Presentación,Unidad individual,,,,,,,,,,,,,,
Bocinas,CVPX69,cerwin-vega-cvpx69,"Bocinas CVPX de 6x9"" CVPX69",Cerwin Vega,Bocina de rango completo de 6x9 pulgadas de 2 vías con tweeter de bocina,1100,,disponible,,FALSO,VERDADERO,,"6x9""",60,4,,103,92.1,tweeter,,,,,,,,,,,,,,,,,,,Potencia máxima,120 W,Respuesta en frecuencia,90 Hz – 20 kHz,Cono,Papel tratado con tweeter cargado,Diámetro de corte,220 × 150 mm,,,,,,,,,,,,
Bocinas,CVPX8,cerwin-vega-cvpx8,"Bocinas CVPX de 8"" CVPX8",Cerwin Vega,Par de bocinas de rango completo de 8 pulgadas de 2 vías con tweeter de bocina,1150,,disponible,,FALSO,VERDADERO,,"8""",100,4,,105,93.6,tweeter,,,,,,,,,,,,,,,,,,,Potencia máxima,200 W,Respuesta en frecuencia,105 Hz – 20 kHz,Cono,Papel tratado con tweeter cargado,Diámetro de corte,184 mm,,,,,,,,,,,,
Bocinas,HED65P,cerwin-vega-hed65p,"Bocinas de medio rango HED Pro 6.5"" HED65P",Cerwin Vega,Bocina de medio rango de 6.5 pulgadas con tapón de fase para alta presión sonora,700,,disponible,,FALSO,VERDADERO,,"6.5""",150,4,,,91,medio-rango,,,,,,,,,,,,,,,,,,,Potencia máxima,450 W,Cono,Papel tratado,Aplicación,Sistemas de competencia e instalaciones de alta eficiencia,Presentación,Unidad individual,,,,,,,,,,,,
Bocinas,HED69P,cerwin-vega-hed69p,"Bocinas de medio rango HED Pro de 6x9"" HED69P",Cerwin Vega,Bocina de medio rango de 6x9 pulgadas con diseño cargado por tapón de fase para alta presión sonora,750,,disponible,,FALSO,VERDADERO,,"6x9""",150,4,,,,medio-rango,,,,,,,,,,,,,,,,,,,Potencia máxima,450 W,Cono,Papel tratado,,,,,,,,,,,,,,,,
Bocinas,HED8P,cerwin-vega-hed8p,"Bocinas de medio rango HED Pro de 8"" HED8P",Cerwin Vega,Bocina de medio rango de 8 pulgadas con diseño cargado por tapón de fase para alta presión sonora,750,,disponible,,FALSO,VERDADERO,,"8""",170,4,,,,medio-rango,,,,,,,,,,,,,,,,,,,Potencia máxima,510 W,Cono,Papel tratado,,,,,,,,,,,,,,,,
Bocinas,HEDPS65,cerwin-vega-hedps65,"Bocinas coaxiales HED Pro Style de 6.5"" HEDPS65",Cerwin Vega,Bocina de medio rango de 6.5 pulgadas estilo pro para alta presión sonora,1050,,disponible,,VERDADERO,VERDADERO,,"6.5""",120,4,,,,coaxial-2v,,,,,,,,,,,,,,,,,,,Potencia máxima,360 W,Cono,Papel tratado,,,,,,,,,,,,,,,,
Bocinas,HEDPS69,cerwin-vega-hedps69,"Bocinas coaxiales HED Pro Style de 6x9"" HEDPS69",Cerwin Vega,Bocina de medio rango de 6x9 pulgadas estilo pro para alta presión sonora,1100,,disponible,,VERDADERO,VERDADERO,,"6x9""",160,4,,,,coaxial-2v,,,,,,,,,,,,,,,,,,,Potencia máxima,480 W,Cono,Papel tratado,,,,,,,,,,,,,,,,
Bocinas,KBT-110,kbt-kbt-110,Tweeter de 50 mm KBT-110,KBT,"Tweeter de 50 mm con cono de aluminio, 50 W RMS y 100 dB de sensibilidad",400,,disponible,,VERDADERO,VERDADERO,,50 mm,50,4,,,100,tweeter,,,,,,,,,,,,,,,,,,,Potencia máxima,500 W,Respuesta en frecuencia,"2,500 Hz – 20 kHz",Cono,Aluminio,Bobina,"CCAW de 1""",,,,,,,,,,,,
Bocinas,KBT-112,kbt-kbt-112,Tweeter de punta de bala de 44.4 mm KBT-112,KBT,"Tweeter tipo bala de diafragma de aluminio, 200W RMS y104 dB de sensibilidad",700,,disponible,,FALSO,VERDADERO,,44.4 mm,200,4,,,104,tweeter,,,,,,,,,,,,,,,,,,,Potencia máxima,800 W,Aplicación,Agregar altas frecuencias a un sistema con bocinas de rango medio,Respuesta en frecuencia,"2,000 Hz – 20 kHz",Diafragma,Película de titanio,Bobina,CCAW,,,,,,,,,,
Bocinas,KBT-S250,kbt-kbt-s250,Tweeter de 40 mm KBT-S250,KBT,Tweeter de 40 mm de alta sensibilidad con respuesta hasta 40 kHz,50,,disponible,,VERDADERO,VERDADERO,,40 mm,50,8,,,,tweeter,,,,,,,,,,,,,,,,,,,Potencia máxima,250 W,Respuesta en frecuencia,"6,000 Hz – 40 kHz",,,,,,,,,,,,,,,,
Bocinas,KNEO-100B,kbt-kneo-100b,"Tweeter neodimio de 1"" KNEO-100B",KBT,"Tweeter de neodimio con película de titanio, 40 W RMS y 100 dB de sensibilidad",400,,disponible,,FALSO,VERDADERO,,"1""",40,4,,,100,tweeter,,,,,,,,,,,,,,,,,,,Motor,Imán de neodimio,Potencia máxima,200 W,Respuesta en frecuencia,"2,500 Hz – 20 kHz",Diafragma,Película de titanio,Bobina,CCAW de alto tratamiento,,,,,,,,,,
Bocinas,KT-1A,kbt-kt-1a,"Tweeters de 1"" KT-1A",KBT,Par de tweeters de montaje en superficie para complementar el sistema de audio,350,,disponible,,FALSO,VERDADERO,,"1""",50,4,,,,tweeter,,,,,,,,,,,,,,,,,,,Montaje,En superficie,Aplicación,Agregar altas frecuencias a un sistema con bocinas de rango medio,Presentación,Par de tweeters,,,,,,,,,,,,,,
Bocinas,M0-65B,rockford-fosgate-m0-65b,"Bocinas coaxiales Marine de 6.5"" M0",Rockford Fosgate,Par de bocinas marinas coaxiales de 6.5 pulgadas,2000,,disponible,,FALSO,VERDADERO,,"6.5""",65,4,,,,coaxial-2v,,,,,,,,,,,,,,,,,,,Potencia máxima,250 W,Cono,Polipropileno mineralizado,Tweeter,"Domo de polímero de cristal líquido (LCP) de 1/2""",Protección ambiental,"Element Ready, marco 100 % estable a UV, motor encapsulado y conectores grado marino",Presentación,Par de bocinas en acabado negro con rejillas,,,,,,,,,,
Bocinas,M2-65B,rockford-fosgate-m2-65b,"Bocinas coaxiales Marine de 6.5"" M2",Rockford Fosgate,Par de bocinas marinas coaxiales de 6.5 pulgadas,6600,,disponible,,FALSO,VERDADERO,,"6.5""",150,4,,,,coaxial-2v,,,,,,,,,,,,,,,,,,,Potencia máxima,600 W,Cono,Polipropileno mineralizado,Tweeter,"Domo laminado PXNX de 1""",Iluminación,"Color Optix LED RGB, requiere controlador PMX-RGB y app RF Connect",Protección ambiental,"Element Ready con certificación IP67, resistente a agua, sal y rayos UV",Conexión,Conectores integrados Deutsch y Amphenol,,,,,,,,
Bocinas,M2WL-65MB,rockford-fosgate-m2wl-65mb,"Bocinas de torre Marine M2 de 6.5"" M2WL-65MB",Rockford Fosgate,"Bocina de torre marina de 6.5 pulgadas con iluminación LED, acabado negro",15000,,disponible,,FALSO,VERDADERO,,"6.5""",150,4,,,,coaxial-2v,,,,,,,,,,,,,,,,,,,Acabado,Negro con iluminación LED,Montaje,Torre de wakeboard o barra antivuelco,Protección ambiental,"Element Ready, resistente a agua, sal y rayos UV",Aplicación,Embarcaciones y vehículos todoterreno,Potencia máxima,600 W,Respuesta en frecuencia,40 Hz – 24 kHz,,,,,,,,
Bocinas,M2WL-8HB,rockford-fosgate-m2wl-8hb,"Bocinas de torre Marine M2 de 8"" M2WL-8HB",Rockford Fosgate,"Bocina de torre marina de 8 pulgadas con iluminación LED, acabado negro",20200,,disponible,,FALSO,VERDADERO,,"8""",300,4,,,94,coaxial-2v,,,,,,,,,,,,,,,,,,,Acabado,Negro con iluminación LED,Montaje,Torre de wakeboard o barra antivuelco,Protección ambiental,"Element Ready, resistente a agua, sal y rayos UV",Aplicación,Embarcaciones y vehículos todoterreno,Potencia máxima,"1,200 W",,,,,,,,,,
Bocinas,MCX57,memphis-mcx57,"Bocinas coaxiales MClass de 5x7"" MCX57",Memphis,Par de bocinas coaxiales de 5x7 pulgadas de la serie MClass,1650,,disponible,,FALSO,VERDADERO,,"5x7""",50,4,,,,coaxial-2v,,,,,,,,,,,,,,,,,,,Serie,MClass,Aplicación,Reemplazo directo en ubicaciones de fábrica de 5x7 y 6x8 pulgadas,Presentación,Par de bocinas,,,,,,,,,,,,,,
Bocinas,MJP6,memphis-mjp6,"Bocinas de medio rango MOJO Pro Neo de 6.5"" MJP6",Memphis,"Bocina de medio rango de 6.5 pulgadas con motor de neodimio, resistente al agua",3000,,disponible,,FALSO,VERDADERO,,"6.5""",125,4,,,100,medio-rango,,,,,,,,,,,,,,,,,,,Potencia máxima,250 W,Motor,"Neodimio, de menor tamaño y peso que un motor de ferrita equivalente",Cono,Papel rígido tratado con suspensión de tela tipo acordeón y tapa de aluminio,Canasta,Aluminio fundido a presión,Resistencia,"Construcción resistente al agua para carenados de moto, side-by-side y uso marino",,,,,,,,,,
Bocinas,MJP69,memphis-mjp69,"Bocinas de medio rango MOJO Pro Neo de 6x9"" MJP69",Memphis,"Bocina de medio rango de 6x9 pulgadas con motor de neodimio, resistente al agua",4000,,disponible,,FALSO,VERDADERO,,"6x9""",125,4,,70,100,medio-rango,,,,,,,,,,,,,,,,,,,Potencia máxima,250 W o 400 W según la revisión,Motor,Neodimio de bajo perfil,Cono,Papel tratado resistente al agua con suspensión de tela tipo acordeón y tapa de aluminio,Resistencia,"Construcción resistente al agua para carenados de moto, side-by-side y uso marino",,,,,,,,,,,,
Bocinas,MJP6C,memphis-mjp6c,"Juego de componentes MOJO Pro 6.5"" MJP6C",Memphis,Juego de componentes de 6.5 pulgadas con tweeters tipo bala y crossovers pasivos,4500,,disponible,,FALSO,VERDADERO,,"6.5""",125,4,,,100,componentes-2v,,,,,,,,,,,,,,,,,,,Potencia máxima,250 W los medios · 200 W los tweeters,Motor,Neodimio con canasta de aluminio fundido a presión,Cono,Papel tratado con suspensión de tela tipo acordeón y tapa de aluminio,Resistencia,Construcción resistente al agua,Contenido,"2 medios MJP6, 2 tweeters MJPT25, 2 crossovers y rejillas de malla",,,,,,,,,,
Bocinas,MJP8,memphis-mjp8,"Bocinas de medio rango MOJO Pro Neo de 8"" MJP8",Memphis,"Bocina de medio rango de 8 pulgadas con motor de neodimio, resistente al agua",3800,,disponible,,FALSO,VERDADERO,,"8""",250,4,,,,medio-rango,,,,,,,,,,,,,,,,,,,Serie,MOJO Pro,Motor,"Neodimio, de menor tamaño y peso que un motor de ferrita equivalente",Cono,Papel tratado con suspensión de tela tipo acordeón,Canasta,Aluminio fundido a presión,Resistencia,"Construcción resistente al agua para carenados de moto, side-by-side y uso marino",Presentación,Unidad individual,,,,,,,,
Bocinas,MJPT25,memphis-mjpt25,Tweeter tipo bala MOJO Pro de 25 mm MJPT25,Memphis,Tweeter tipo bala de 25 mm para sistemas de alta presión sonora,2000,,disponible,,FALSO,VERDADERO,,"1""",100,4,,,,tweeter,,,,,,,,,,,,,,,,,,,Potencia máxima,200 W,Aplicación,"Sistemas de alta eficiencia, se combina con los medios MOJO Pro",,,,,,,,,,,,,,,,
Bocinas,MM84TB,memphis-mm84tb,"Bocinas de torre marinas de 8"" MM84TB",Memphis,Par de bocinas de torre de 8 pulgadas tipo line array en acabado negro,14700,,disponible,,FALSO,VERDADERO,,"8""",150,4,,,,coaxial-2v,,,,,,,,,,,,,,,,,,,Acabado,Negro,Aplicación,Montaje en torre de wakeboard o barra antivuelco,Presentación,Par de bocinas,Serie,MM Marine,,,,,,,,,,,,
Bocinas,MS25,memphis-ms25,"Bocinas de rango medio MClass de  2.5"" MS25",Memphis,Par de bocinas de medio rango de 2.5 pulgadas con cono de fibra de carbono,1150,,disponible,,FALSO,VERDADERO,,"2.5""",25,4,,,84,medio-rango,,,,,,,,,,,,,,,,,,,Potencia máxima,50 W,Cono,Fibra de carbono,Aplicación,Tercera vía en sistemas de componentes MClass de 3 vías,Presentación,Par de bocinas con crossovers en línea,,,,,,,,,,,,
Bocinas,MS60C,memphis-ms60c,"Componentes MClass de 6.5"" MS60C",Memphis,Juego de componentes de 6.5 pulgadas sobredimensionados con cono de fibra de carbono,3800,,disponible,,FALSO,VERDADERO,,"6.5""",75,4,,63,89,componentes-2v,,,,,,,,,,,,,,,,,,,Potencia máxima,150 W,Cono,Fibra de carbono con suspensión de butilo,Tweeter,Domo de aluminio,Contenido,"2 woofers, 2 tweeters, 2 crossovers externos con montaje MClip y rejillas",,,,,,,,,,,,
Bocinas,MS60V,memphis-ms60v,"Bocinas convertibles MClass de 6.5"" MS60V",Memphis,Par de bocinas de 6.5 pulgadas sobredimensionadas convertibles de coaxial a componentes,2400,,disponible,,FALSO,VERDADERO,,"6.5""",75,4,,,,componentes-2v,,,,,,,,,,,,,,,,,,,Cono,Fibra de carbono con suspensión de hule,Tweeter,Domo de aluminio con capacidad de giro,Crossover,"En línea, incluido",Serie,"MClass V, misma familia que MS57V, MS62V y MS69V",Presentación,Par de bocinas,,,,,,,,,,
Bocinas,MS69V,memphis-ms69v,"Bocinas convertibles MClass de 6x9"" MS69V",Memphis,Par de bocinas de 6x9 pulgadas convertibles de coaxial a componentes,2800,,disponible,,FALSO,VERDADERO,,"6x9""",75,4,,77,91,componentes-2v,,,,,,,,,,,,,,,,,,,Potencia máxima,150 W,Cono,Fibra de carbono con suspensión de hule,Tweeter,"Domo de aluminio, removible y reposicionable",Contenido,"Par de bocinas con crossovers externos, montaje MClip y rejillas",,,,,,,,,,,,
Bocinas,MSA1,memphis-msa1,"Tweeter MClass de 1"" MSA1",Memphis,Par de tweeters de domo de aluminio de 1 pulgada para sistemas de componentes MClass,1750,,disponible,,VERDADERO,VERDADERO,,"1""",50,4,,,,tweeter,,,,,,,,,,,,,,,,,,,Aplicación,Se combina con medios MClass para armar sistemas de 2 o 3 vías,Montaje,"En superficie, empotrado o angulado",Presentación,Par de tweeters,,,,,,,,,,,,,,
Bocinas,MX63PS,memphis-mx63ps,"Pods powersports de 6.5"" MX63PS",Memphis,"Par de pods de 6.5 pulgadas para side-by-side y ATV, con doble tweeter, LED RGB y certificación IP66",6000,,disponible,,FALSO,VERDADERO,,"6.5""",150,4,,,,coaxial-2v,,,,,,,,,,,,,,,,,,,Protección,IP66,Potencia máxima,300 W el par,Cono,Polipropileno con tweeters de domo de PEI,Montaje,"Herraje de aluminio ajustable con giro de 360°, brackets opcionales para distintas jaulas y barras",Iluminación,"LED RGB incluida, con insignia trasera iluminada giratoria",Rejilla,Frontal giratoria en incrementos de 60° para alinearla en cualquier ángulo de montaje,,,,,,,,
Bocinas,MXA602SLB,memphis-mxa602slb,"Bocinas marinas de 6.5"" MXA602SLB",Memphis,Par de bocinas marinas coaxiales de 6.5 pulgadas con iluminación LED azul,1350,,disponible,,FALSO,VERDADERO,,"6.5""",40,4,,74,85,coaxial-2v,,,,,,,,,,,,,,,,,,,Potencia máxima,80 W · 160 W el par,Cono,Polipropileno moldeado por inyección con suspensión de hule,Tweeter,Domo de aluminio,Protección ambiental,"Grado marino, resistente a agua, elementos y rayos UV",,,,,,,,,,,,
Bocinas,MXA60L,memphis-mxa60l,"Bocinas marinas de 6.5"" MXA60L",Memphis,Par de bocinas marinas coaxiales de 6.5 pulgadas con iluminación RGB integrada,2400,,disponible,,FALSO,VERDADERO,,"6.5""",50,4,,,,coaxial-2v,,,,,,,,,,,,,,,,,,,Potencia máxima,100 W,Cono,Polipropileno moldeado por inyección (IMPP) con suspensión de hule,Tweeter,"Domo de aluminio de 1"" con montaje giratorio",Iluminación,"Anillos LED RGB integrados, multicolor",Incluye,"Dos juegos de rejillas de malla de aluminio resistentes a rayos UV, en negro y plata",Presentación,Par de bocinas,,,,,,,,
Bocinas,MXA69L,memphis-mxa69l,"Bocinas marinas de 6x9"" MXA69L",Memphis,Par de bocinas marinas coaxiales de 6x9 pulgadas con iluminación RGB integrada,2700,,disponible,,FALSO,VERDADERO,,"6x9""",60,4,,,,coaxial-2v,,,,,,,,,,,,,,,,,,,Potencia máxima,120 W,Cono,Polipropileno moldeado por inyección (IMPP) con suspensión de hule,Tweeter,"Domo de aluminio de 1"" con montaje giratorio",Iluminación,"Anillos LED RGB integrados, multicolor",Incluye,Dos juegos de rejillas de malla de aluminio resistentes a rayos UV,Presentación,Par de bocinas,,,,,,,,
Bocinas,P142,rockford-fosgate-p142,"Bocinas coaxiales Punch P1 de 4"" P142",Rockford Fosgate,Par de bocinas coaxiales de 4 pulgadas de 2 vías,900,,disponible,,FALSO,VERDADERO,,"4""",30,4,,44,86.5,coaxial-2v,,,,,,,,,,,,,,,,,,,Potencia máxima,60 W,Respuesta en frecuencia,100 Hz – 22 kHz,Cono,Polipropileno con tecnología VAST,Tweeter,Domo de PEI,,,,,,,,,,,,
Bocinas,P1462,rockford-fosgate-p1462,"Bocinas coaxiales Punch P1 de 4x6"" P1462",Rockford Fosgate,Par de bocinas coaxiales de 4x6 pulgadas de 2 vías,800,,disponible,,FALSO,VERDADERO,,"4x6""",35,4,,48,87.5,coaxial-2v,,,,,,,,,,,,,,,,,,,Potencia máxima,70 W,Respuesta en frecuencia,90 Hz – 22 kHz,Cono,Polipropileno con tecnología VAST,Tweeter,Domo de PEI,,,,,,,,,,,,
Bocinas,P1572,rockford-fosgate-p1572,"Bocinas coaxiales Punch P1 de 5x7"" P1572",Rockford Fosgate,Par de bocinas coaxiales de 5x7 pulgadas de 2 vías,1100,,disponible,,FALSO,VERDADERO,,"5x7""",60,4,,58,89,coaxial-2v,,,,,,,,,,,,,,,,,,,Potencia máxima,120 W,Respuesta en frecuencia,75 Hz – 22 kHz,Cono,Polipropileno con tecnología VAST,Tweeter,Domo de PEI,,,,,,,,,,,,
Bocinas,P165-SE,rockford-fosgate-p165-se,"Componentes Punch de 6.5"" P165-SE",Rockford Fosgate,Juego de componentes de 6.5 pulgadas con crossover pasivo,2500,,disponible,,FALSO,VERDADERO,,"6.5""",60,4,,,88,componentes-2v,,,,,,,,,,,,,,,,,,,Potencia máxima,120 W,Respuesta en frecuencia,43 Hz – 20 kHz,Cono,Polipropileno mineralizado con suspensión Santoprene y tecnología VAST,Tweeter,"Domo de PEI tratado de 1"" con montaje DDC",Contenido,"2 woofers con rejillas, 2 tweeters y 2 crossovers externos",,,,,,,,,,
Bocinas,P1650,rockford-fosgate-p1650,"Bocinas coaxiales Punch P1 de 6.5"" P1650",Rockford Fosgate,Par de bocinas coaxiales de 6.5 pulgadas de 2 vías,1350,,disponible,,VERDADERO,VERDADERO,,"6.5""",55,4,,,88,coaxial-2v,,,,,,,,,,,,,,,,,,,Potencia máxima,110 W,Respuesta en frecuencia,45 Hz – 20 kHz,Cono,Polipropileno mineralizado con tecnología VAST,Tweeter,"Domo de PEI de 3/4""",,,,,,,,,,,,
Bocinas,P1694,rockford-fosgate-p1694,"Bocinas coaxiales Punch P1 de 6x9"" P1694",Rockford Fosgate,Par de bocinas coaxiales de 6x9 pulgadas de 4 vías,1550,,disponible,,VERDADERO,VERDADERO,,"6x9""",75,4,,78,91,coaxial-2v,,,,,,,,,,,,,,,,,,,Potencia máxima,150 W,Respuesta en frecuencia,60 Hz – 24 kHz,Cono,Polipropileno inyectado con mica (MIPP),Tweeter,"Domo, configuración de 4 vías",,,,,,,,,,,,
Bocinas,P1T-S,rockford-fosgate-p1t-s,"Tweeters Punch P1 de 1"" P1T-S",Rockford Fosgate,Par de tweeters con crossover incluido,1450,,agotado,,VERDADERO,VERDADERO,,"1""",60,4,,,,tweeter,,,,,,,,,,,,,,,,,,,Potencia máxima,120 W,Respuesta en frecuencia,3.5 kHz – 22 kHz,Crossover,"Pasa altos, 3.5 kHz a 12 dB/oct Butterworth",Contenido,Par de tweeters con crossovers y herrajes de montaje,,,,,,,,,,,,
Bocinas,P1V2-4,rockford-fosgate-p1v2-4,"Bocinas coaxiales Punch P1 V2 de 4"" P1V2-4",Rockford Fosgate,Par de bocinas coaxiales de 4 pulgadas con crossover oculto integrado,1600,,disponible,,FALSO,VERDADERO,,"4""",75,4,,,85,coaxial-2v,,,,,,,,,,,,,,,,,,,Potencia máxima,150 W,Crossover,Integrado y oculto dentro de la canasta,Norma de potencia,CTA-2031,Instalación,Adaptadores específicos por vehículo y geometría de marco rediseñada,Serie,"Punch P1 V2, generación 2025",,,,,,,,,,
Bocinas,P1V2-675,rockford-fosgate-p1v2-675,"Bocinas coaxiales Punch P1 V2 de 6.75"" P1V2-675",Rockford Fosgate,Par de bocinas coaxiales de 6.75 pulgadas de 3 vías con crossover oculto integrado,2200,,disponible,,FALSO,VERDADERO,,"6.75""",75,4,,,,coaxial-3v,,,,,,,,,,,,,,,,,,,Potencia máxima,150 W,Respuesta en frecuencia,49 Hz – 25 kHz,Tweeter,"Domo invertido Tetolon de 3/4"" (19 mm) con supertweeter piezo de 3/8"" (9 mm)",Diámetro de bobina,"25.4 mm (1"")",Crossover,"Integrado y oculto dentro de la canasta, para instalación más limpia",Norma de potencia,CTA-2031,,,,,,,,
Bocinas,P1V2-69,rockford-fosgate-p1v2-69,"Bocinas coaxiales Punch P1 V2 de 6x9"" P1V2-69",Rockford Fosgate,Par de bocinas coaxiales de 6x9 pulgadas de 3 vías con crossover oculto integrado,2450,,disponible,,FALSO,VERDADERO,,"6x9""",75,4,,,89,coaxial-3v,,,,,,,,,,,,,,,,,,,Potencia máxima,150 W,Crossover,Integrado y oculto dentro de la canasta,Norma de potencia,CTA-2031,Instalación,Adaptadores específicos por vehículo y geometría de marco rediseñada,Serie,"Punch P1 V2, generación 2025",,,,,,,,,,
Bocinas,PP4-T,rockford-fosgate-pp4-t,"Tweeters Punch Pro de 1.5"" PP4-T",Rockford Fosgate,Tweeters con driver de compresión para sistemas de alta presión sonora,2200,,disponible,,FALSO,FALSO,,"1.5""",50,4,,65,105,tweeter,,,,,,,,,,,,,,,,,,,Potencia máxima,100 W,Respuesta en frecuencia,4 kHz – 20 kHz,Crossover,"Pasa altos integrado, 4.5 kHz a 6 dB/oct",Diámetro de bobina,37.5 mm,,,,,,,,,,,,
Bocinas,PPS4-6,rockford-fosgate-pps4-6,"Bocinas de medio rango Punch Pro de 6.5"" PPS4-6",Rockford Fosgate,Bocina de medio rango de 6.5 pulgadas para alta presión sonora,2400,,disponible,,FALSO,VERDADERO,,"6.5""",100,4,,56,92.5,medio-rango,,,,,,,,,,,,,,,,,,,Potencia máxima,200 W,Respuesta en frecuencia,85 Hz – 5 kHz,Cono,"Papel reforzado con fibra y suspensión de tela tratada tipo ""W""",Estructura,"Canasta de aluminio fundido, bobina de aluminio de alta temperatura y tapón de fase maquinado",,,,,,,,,,,,
Bocinas,PPS4-8,rockford-fosgate-pps4-8,"Bocinas de medio rango Punch Pro de 8"" PPS4-8",Rockford Fosgate,Bocina de medio rango de 8 pulgadas para alta presión sonora,2600,,disponible,,FALSO,VERDADERO,,"8""",125,4,,,95,medio-rango,,,,,,,,,,,,,,,,,,,Cono,Papel reforzado con fibra de alta resistencia y suspensión de tela tratada corrugada,Estructura,Motor sobredimensionado y bobina de alta temperatura para condiciones de alta presión sonora,Norma de potencia,CTA-2031,Presentación,Unidad individual con rejilla y herrajes,,,,,,,,,,,,
Bocinas,PRX10,memphis-prx10,"Tweeters Power Reference de 1"" PRX10",Memphis,Par de tweeters de domo PEI de 1 pulgada con crossover de 2 vías incluido,800,,disponible,,FALSO,VERDADERO,,"1""",50,4,,,,tweeter,,,,,,,,,,,,,,,,,,,Potencia máxima,100 W,Crossover,"De 2 vías, incluido",Aplicación,Agregar altas frecuencias a un sistema con bocinas de rango medio,Presentación,Par de tweeters con crossovers,,,,,,,,,,,,
Bocinas,PRX27,memphis-prx27,"Bocinas coaxiales Power Reference de 2.75"" PRX27",Memphis,Par de bocinas coaxiales de 2.75 pulgadas de 2 vías,600,,disponible,,FALSO,VERDADERO,,"2.75""",15,4,,,85,coaxial-2v,,,,,,,,,,,,,,,,,,,Potencia máxima,30 W,Contenido,Par de bocinas,,,,,,,,,,,,,,,,
Bocinas,PRX5,memphis-prx5,"Bocinas coaxiales Power Reference 5.25"" PRX5",Memphis,Par de bocinas coaxiales de 5.25 pulgadas de 2 vías con tweeter giratorio,1100,,disponible,,FALSO,VERDADERO,,"5.25""",30,4,,,,coaxial-2v,,,,,,,,,,,,,,,,,,,Tweeter,"Giratorio, orientable hacia el oyente para mejorar la imagen sonora",Presentación,Par de bocinas,,,,,,,,,,,,,,,,
Bocinas,PRX57,memphis-prx57,"Bocinas coaxiales Power Reference de 5x7"" PRX57",Memphis,Par de bocinas coaxiales de 5x7 pulgadas de 2 vías con tweeter giratorio,1400,,disponible,,FALSO,VERDADERO,,"5x7""",40,4,,,88,coaxial-2v,,,,,,,,,,,,,,,,,,,Potencia máxima,80 W,Respuesta en frecuencia,87 Hz – 20 kHz,Cono,Polipropileno reforzado con grafito y suspensión de poliuretano,Tweeter,"Domo de PEI de 1"" con pivote multidireccional",Contenido,Par de bocinas,,,,,,,,,,
Bocinas,PRX603,memphis-prx603,"Bocinas coaxiales Power Reference de 6.5"" PRX603",Memphis,Par de bocinas coaxiales de 6.5 pulgadas de 3 vías con tweeter giratorio,1550,,disponible,,VERDADERO,VERDADERO,,"6.5""",50,4,,57,88,coaxial-3v,,,,,,,,,,,,,,,,,,,Potencia máxima,100 W,Cono,Polipropileno reforzado con grafito y suspensión de poliuretano,Tweeter,Domo de PEI con sistema de pivote multidireccional,Contenido,Par de bocinas con rejillas,,,,,,,,,,,,
Bocinas,PRX60C,memphis-prx60c,"Componentes Power Reference de 6.5"" PRX60C",Memphis,Juego de componentes de 6.5 pulgadas sobredimensionados con tweeters de 1 pulgada,1850,,disponible,,FALSO,VERDADERO,,"6.5""",50,4,,63,88,componentes-2v,,,,,,,,,,,,,,,,,,,Potencia máxima,100 W,Cono,"Polipropileno con suspensión de butilo, diseño M-Cone negro sobre negro",Tweeter,"Domo de polímero de 1"" con montaje múltiple",Contenido,"2 medios, 2 tweeters, 2 crossovers y rejillas",,,,,,,,,,,,
Bocinas,PRX6903,memphis-prx6903,"Bocinas coaxiales Power Reference de 6x9"" PRX6903",Memphis,Par de bocinas coaxiales de 6x9 pulgadas de 3 vías con tweeter giratorio,1750,,disponible,,VERDADERO,VERDADERO,,"6x9""",60,4,,76,90,coaxial-3v,,,,,,,,,,,,,,,,,,,Potencia máxima,120 W,Cono,Polipropileno reforzado con grafito y suspensión de poliuretano,Tweeter,Domo de PEI con sistema de pivote multidireccional,Contenido,Par de bocinas con rejillas,,,,,,,,,,,,
Bocinas,PRXP3,memphis-prxp3,"Bocinas Point Source Power Reference de 3.5"" PRXP3",Memphis,Par de bocinas Point Source de 3.5 pulgadas de 2 vías con tweeter de fuente puntual,800,,disponible,,FALSO,VERDADERO,,"3.5""",15,4,,,,coaxial-2v,,,,,,,,,,,,,,,,,,,Potencia máxima,30 W,Presentación,Par de bocinas,,,,,,,,,,,,,,,,
Bocinas,PRXP4,memphis-prxp4,"Bocinas Point Source Power Reference de 4"" PRXP4",Memphis,Par de bocinas Point Source de 4 pulgadas de 2 vías con tweeter de fuente puntual,1000,,disponible,,FALSO,VERDADERO,,"4""",20,4,,,,coaxial-2v,,,,,,,,,,,,,,,,,,,Potencia máxima,40 W,Ventaja,El tweeter centrado alinea la salida de ambos drivers en un solo punto,Presentación,Par de bocinas,,,,,,,,,,,,,,
Bocinas,R14X2,rockford-fosgate-r14x2,"Bocinas coaxiales Prime de 4"" R14X2",Rockford Fosgate,Par de bocinas coaxiales de 4 pulgadas de 2 vías,600,,disponible,,FALSO,VERDADERO,,"4""",30,4,,43,85,coaxial-2v,,,,,,,,,,,,,,,,,,,Potencia máxima,60 W,Respuesta en frecuencia,100 Hz – 20 kHz,Cono,Polipropileno,Tweeter,Domo de seda montado al poste,,,,,,,,,,,,
Bocinas,R1525X2,rockford-fosgate-r1525x2,"Bocinas coaxiales Prime de 5.25"" R1525X2",Rockford Fosgate,Par de bocinas coaxiales de 5.25 pulgadas de 2 vías,800,,disponible,,FALSO,VERDADERO,,"5.25""",40,4,,49,88,coaxial-2v,,,,,,,,,,,,,,,,,,,Potencia máxima,80 W,Respuesta en frecuencia,62 Hz – 20 kHz,Cono,Polipropileno,Tweeter,Domo de seda montado al poste,,,,,,,,,,,,
Bocinas,R165-S,rockford-fosgate-r165-s,"Componentes Prime de 6.5"" R165-S",Rockford Fosgate,Juego de componentes de 6.5 pulgadas con crossover pasivo,1100,,disponible,,FALSO,VERDADERO,,"6.5""",40,4,,,,componentes-2v,,,,,,,,,,,,,,,,,,,Cono,Polipropileno inyectado con mica (MIPP),Contenido,"2 woofers con rejillas, 2 tweeters con crossover integrado y herrajes",,,,,,,,,,,,,,,,
Bocinas,R165X3,rockford-fosgate-r165x3,"Bocinas coaxiales Prime de 6.5"" R165X3",Rockford Fosgate,Par de bocinas coaxiales de 6.5 pulgadas de 3 vías,800,,disponible,,VERDADERO,VERDADERO,,"6.5""",45,4,,54,91,coaxial-3v,,,,,,,,,,,,,,,,,,,Potencia máxima,90 W,Respuesta en frecuencia,52 Hz – 20 kHz,Cono,Polipropileno,Tweeter,"Domo de seda de 1/2"" montado al poste",,,,,,,,,,,,
Bocinas,R169X3,rockford-fosgate-r169x3,"Bocinas coaxiales Prime de 6x9"" R169X3",Rockford Fosgate,Par de bocinas coaxiales de 6x9 pulgadas de 3 vías,950,,disponible,,VERDADERO,VERDADERO,,"6x9""",65,4,,72,90,coaxial-3v,,,,,,,,,,,,,,,,,,,Potencia máxima,130 W,Respuesta en frecuencia,47 Hz – 20 kHz,Cono,Polipropileno,Tweeter,"Domo de seda de 1/2"" montado al poste",,,,,,,,,,,,
Bocinas,R1T-S,rockford-fosgate-r1t-s,"Tweeters Prime de 1"" R1T-S",Rockford Fosgate,Par de tweeters con crossover incluido,500,,disponible,,VERDADERO,VERDADERO,,"1""",40,4,,,,tweeter,,,,,,,,,,,,,,,,,,,Crossover,Pasa altos integrado,Montaje,"Empotrado, en superficie o angulado",Contenido,Par de tweeters con crossovers y componentes de instalación,,,,,,,,,,,,,,
Bocinas,SDR-MR65,kbt-sdr-mr65,"Bocinas rango medio Soldier de 6.5"" SDR-MR65",KBT,Bocina de medio rango de 6.5 pulgadas de la línea Soldier para alta presión sonora,500,,disponible,,VERDADERO,VERDADERO,,"6.5""",100,4,,,,medio-rango,,,,,,,,,,,,,,,,,,,Línea,Soldier,Aplicación,"Sistemas de alta presión sonora, se combina con tweeters tipo bala",,,,,,,,,,,,,,,,
Bocinas,SGT-100,kbt-sgt-100,"Tweeter Sergeant de 1"" SGT-100",KBT,Tweeter de la línea Sergeant para sistemas de alta presión sonora,600,,disponible,,FALSO,VERDADERO,,"1""",75,4,,,,tweeter,,,,,,,,,,,,,,,,,,,Línea,Sergeant,Aplicación,Se combinan con equipos de media potencia para armar un sistema de alta presión sonora,Presentación,Par de bocinas,,,,,,,,,,,,,,
Bocinas,SGT-MR65,kbt-sgt-mr65,"Bocinas rango medio Sergeant de 6.5"" SGT-MR65",KBT,Bocina de medio rango de 6.5 pulgadas de la línea Sergeant para alta presión sonora,700,,disponible,,FALSO,VERDADERO,,"6.5""",125,4,,,,medio-rango,,,,,,,,,,,,,,,,,,,Línea,Sergeant,Aplicación,"Sistemas de alta presión sonora, se combina con tweeters tipo bala",,,,,,,,,,,,,,,,
Bocinas,SRX1,memphis-srx1,Tweeters Street Reference SRX1,Memphis,Par de tweeters de 1 pulgada con domo de de mylar,225,,disponible,,VERDADERO,VERDADERO,,"1""",20,4,,,97,tweeter,,,,,,,,,,,,,,,,,,,Montaje,En superficie,Potencia máxima,40 W,,,,,,,,,,,,,,,,
Bocinas,SRX42V,memphis-srx42v,"Bocinas coaxiales Street Reference de 4"" SRX42V",Memphis,Par de bocinas coaxiales de 4 pulgadas,550,,disponible,,FALSO,VERDADERO,,"4""",30,4,,43,88,coaxial-2v,,,,,,,,,,,,,,,,,,,Cono,Polipropileno con suspensión de hule,Montaje,"Perfil delgado, compatible con la mayoría de ubicaciones de fábrica",Presentación,"Par de bocinas, sin rejilla",Potencia máxima,60 W,,,,,,,,,,,,
Bocinas,SRX572V,memphis-srx572v,"Bocinas coaxiales Street Reference de 5x7"" SRX572V",Memphis,Par de bocinas coaxiales de 5x7 pulgadas,600,,disponible,,FALSO,VERDADERO,,"5x7""",50,4,,,90,coaxial-2v,,,,,,,,,,,,,,,,,,,Cono,Polipropileno con suspensión de hule,Montaje,"Perfil delgado, compatible con la mayoría de ubicaciones de fábrica",Presentación,"Par de bocinas, sin rejilla",,,,,,,,,,,,,,
Bocinas,SRX62V,memphis-srx62v,"Bocinas coaxiales Street Reference de 6.5"" SRX62V",Memphis,Par de bocinas coaxiales de 6.5 pulgadas,600,,disponible,,VERDADERO,VERDADERO,,"6.5""",50,4,,44,90,coaxial-2v,,,,,,,,,,,,,,,,,,,Potencia máxima,100 W,Cono,Polipropileno con suspensión de hule,Diámetro de corte,122 mm,Presentación,"Par de bocinas, sin rejilla",,,,,,,,,,,,
Bocinas,SRX693V,memphis-srx693v,"Bocinas coaxiales Street Reference de 6x9"" SRX693V",Memphis,Par de bocinas coaxiales de 6x9 pulgadas de 3 vías con cono de polipropileno y perfil delgado,750,,disponible,,VERDADERO,VERDADERO,,"6x9""",55,4,,74,92,coaxial-3v,,,,,,,,,,,,,,,,,,,Potencia máxima,110 W,Cono,Polipropileno con suspensión de hule,Tweeter,"PEI, más supertweeter",Presentación,"Par de bocinas; rejillas opcionales, se venden por separado",,,,,,,,,,,,
Bocinas,SRXP62CV2,memphis-srxp62cv2,"Componentes SRX Pro de 6.5"" SRXP62CV2",Memphis,Juego de componentes de 6.5 pulgadas de alta presión sonora con tweeters de bocina de 4 pulgadas,2000,,disponible,,VERDADERO,VERDADERO,,"6.5""",125,4,,,94,componentes-2v,,,,,,,,,,,,,,,,,,,Potencia máxima,250 W los medios · 200 W los tweeters,Cono,Papel tratado ultraligero con suspensión de tela tipo acordeón,Tweeter,"Bocina pro de 4"" SRXPT",Contenido,2 medios de 6.5 pulgadas y 2 tweeters de bocina de 4 pulgadas,,,,,,,,,,,,
Bocinas,SRXP62V2,memphis-srxp62v2,"Bocinas de medio rango SRX Pro de 6.5"" SRXP62V2",Memphis,Bocina de medio rango de 6.5 pulgadas de alta presión sonora con LED RGB,1400,,disponible,,FALSO,VERDADERO,,"6.5""",125,4,,,94,medio-rango,,,,,,,,,,,,,,,,,,,Potencia máxima,250 W,Cono,Papel tratado ultraligero con relleno de fibra y borde de tela,Suspensión,Tela tipo acordeón para máximo recorrido a volumen extremo,Bobina,"1.5"" para mayor manejo de potencia",Iluminación,LED RGB en la tapa de polvo,,,,,,,,,,
Bocinas,SRXP62WTV2,memphis-srxp62wtv2,"Bocinas coaxiales SRX Pro de 6.5"" con tweeter de bocina SRXP62WTV2",Memphis,Bocina coaxial de 6.5 pulgadas de alta presión sonora con tweeter de bocina y LED RGB,2000,,disponible,,FALSO,VERDADERO,,"6.5""",125,4,,,,coaxial-2v,,,,,,,,,,,,,,,,,,,Potencia máxima,250 W,Tweeter,"Bocina sobredimensionada de 3"" con diafragma de 1""",Bobina del woofer,"1.5"" para mayor manejo de potencia",Iluminación,LED RGB en el tweeter de bocina,Presentación,Unidad individual,,,,,,,,,,
Bocinas,SRXP62WTX2,memphis-srxp62wtx2,"Bocinas coaxiales SRX Pro de 6.5"" con tweeter de bocina SRXP62WTX2",Memphis,Bocinas coaxiales de 6.5 pulgadas de alta presión sonora con tweeter de bocina y LED RGB,2000,,bajo_pedido,,FALSO,FALSO,,"6.5""",125,4,,,,coaxial-2v,,,,,,,,,,,,,,,,,,,Potencia máxima,250 W,Tweeter,"Bocina sobredimensionada de 3"" con diafragma de 1""",Bobina del woofer,"1.5"" para mayor manejo de potencia",Iluminación,LED RGB en el tweeter de bocina,,,,,,,,,,,,
Bocinas,SRXP69WTV2,memphis-srxp69wtv2,"Bocinas coaxiales SRX Pro de 6x9"" con tweeter de bocina SRXP69WTV2",Memphis,Bocina coaxial de 6x9 pulgadas de alta presión sonora con tweeter de bocina y LED RGB,2300,,disponible,,VERDADERO,VERDADERO,,"6x9""",125,4,,,,coaxial-2v,,,,,,,,,,,,,,,,,,,Potencia máxima,250 W,Tweeter,"Bocina sobredimensionada de 3"" con diafragma de 1""",Bobina del woofer,"1.5"" para mayor manejo de potencia",Iluminación,LED RGB en el tweeter de bocina,Presentación,Unidad individual,,,,,,,,,,
Bocinas,SRXP82V2,memphis-srxp82v2,"Bocinas de medio rango SRX Pro de 8"" SRXP82V2",Memphis,Bocina de medio rango de 8 pulgadas de alta presión sonora con LED y motor de neodimio,3400,,bajo_pedido,,FALSO,FALSO,,"8""",175,4,,,,medio-rango,,,,,,,,,,,,,,,,,,,Potencia máxima,350 W,Motor,"Imán de neodimio, de menor tamaño y peso que uno de ferrita equivalente",Canasta,"Fundida, de alta rigidez",Resistencia,"Resistente al agua, apta para carenados de moto y side-by-side",Iluminación,LED integrada,Serie,Street Reference Pro V2,,,,,,,,
Bocinas,SRXP82WTV2,memphis-srxp82wtv2,"Bocinas coaxiales SRX Pro de 8"" con tweeter de bocina SRXP82WTV2",Memphis,Bocina coaxial de 8 pulgadas de alta presión sonora con tweeter de bocina y LED RGB,2300,,disponible,,FALSO,VERDADERO,,"8""",125,4,,,,coaxial-2v,,,,,,,,,,,,,,,,,,,Tweeter,"Bocina sobredimensionada de 3"" con diafragma de 1""",Iluminación,LED RGB en el tweeter de bocina,Serie,Street Reference Pro V2,Presentación,Unidad individual,,,,,,,,,,,,
Bocinas,SRXPTV2,memphis-srxptv2,"Tweeters de bocina SRX Pro 4"" SRXPTV2",Memphis,Par de tweeters de bocina de 4 pulgadas para sistemas de alta presión sonora,600,,disponible,,FALSO,VERDADERO,,"4""",100,4,,,,tweeter,,,,,,,,,,,,,,,,,,,Potencia máxima,200 W,Aplicación,Se combina con los medios SRX Pro para sistemas de alta presión sonora,Presentación,Par de tweeters,,,,,,,,,,,,,,
Bocinas,STADIUM 192T,jbl-stadium-192t,"Tweeters Stadium de 3/4"" STADIUM 192T",JBL,Par de tweeters de domo de aluminio con crossover en línea incluido,800,,disponible,,FALSO,VERDADERO,,"4""",50,3,,,93,tweeter,,,,,,,,,,,,,,,,,,,Potencia máxima,150 W,Respuesta en frecuencia,2 kHz – 40 kHz,Montaje,Empotrado o en superficie,Crossover,"En línea, incluido",Contenido,Par de tweeters con herrajes de montaje,,,,,,,,,,
Bocinas,STAGE 245F,jbl-stage-245f,"Bocinas coaxiales de 4"" STAGE2 45F",JBL,"Par de bocinas coaxiales de 4 pulgadas de 2 vías, sin rejilla",450,,disponible,,FALSO,VERDADERO,,"4""",40,4,,,88,coaxial-2v,,,,,,,,,,,,,,,,,,,Serie,Stage2 Gen 2,Cono,Polipropileno con arquitectura Plus One,Tweeter,Domo de PEI de accionamiento perimetral,Potencia máxima,320 W,Respuesta en frecuencia,80 Hz – 20 kHz,,,,,,,,,,
Bocinas,STAGE2 634,jbl-stage2-634,"Bocinas coaxiales Stage de 6.5"" STAGE2 634",JBL,Par de bocinas coaxiales de 6.5 pulgadas de 3 vías,600,,disponible,,VERDADERO,VERDADERO,,"6.5""",40,4,,,91,coaxial-3v,,,,,,,,,,,,,,,,,,,Potencia máxima,250 W,Respuesta en frecuencia,55 Hz – 20 kHz,Cono,Polipropileno moldeado por inyección (IMPP),Tweeter,Domo balanceado de PEI,Contenido,Par de bocinas con rejillas,,,,,,,,,,
Bocinas,T1650,rockford-fosgate-t1650,"Bocinas coaxiales Power T1 de 6.5"" T1650",Rockford Fosgate,Par de bocinas coaxiales de 6.5 pulgadas de 2 vías,2100,,disponible,,VERDADERO,VERDADERO,,"6.5""",80,4,,,88,coaxial-2v,,,,,,,,,,,,,,,,,,,Potencia máxima,160 W,Respuesta en frecuencia,44 Hz – 20 kHz,Cono,"Polipropileno con fibra de carbono, suspensión Santoprene y tecnología VAST",Tweeter,"Domo de aluminio tratado de 1""",Crossover,"Integrado y oculto, 12 dB/oct",,,,,,,,,,
Bocinas,T1650-S,rockford-fosgate-t1650-s,"Componentes Power T1 de 6.5"" T1650-S",Rockford Fosgate,Juego de componentes de 6.5 pulgadas con crossover pasivo,3300,,disponible,,FALSO,VERDADERO,,"6.5""",80,4,,,88,componentes-2v,,,,,,,,,,,,,,,,,,,Potencia máxima,160 W,Respuesta en frecuencia,47 Hz – 20 kHz,Cono,"Polipropileno con fibra de carbono, suspensión Santoprene y tecnología VAST",Tweeter,"Domo de aluminio tratado de 1"", montaje DDC",Contenido,"2 woofers con rejillas, 2 tweeters, 2 crossovers externos y herrajes",,,,,,,,,,
Bocinas,T1693,rockford-fosgate-t1693,"Bocinas coaxiales Power T1 de 6x9"" T1693",Rockford Fosgate,Par de bocinas coaxiales de 6x9 pulgadas de 3 vías,2000,,disponible,,VERDADERO,VERDADERO,,"6x9""",100,4,,,91,coaxial-3v,,,,,,,,,,,,,,,,,,,Potencia máxima,200 W,Cono,Híbrido de polipropileno y fibra de carbono con tecnología VAST,Tweeter,"Doble domo de aluminio de 1""",,,,,,,,,,,,,,
Bocinas,T1T-S,rockford-fosgate-t1t-s,"Tweeters Power T1 de 1"" T1T-S",Rockford Fosgate,Par de tweeters con crossover incluido,1800,,disponible,,VERDADERO,VERDADERO,,"1""",75,4,,,90,tweeter,,,,,,,,,,,,,,,,,,,Potencia máxima,150 W,Respuesta en frecuencia,3 kHz – 22 kHz,Crossover,"Externo pasa altos, 3.0 kHz a 18 dB/oct Butterworth",Contenido,"Par de tweeters con crossovers dedicados, aros embellecedores y herrajes",,,,,,,,,,,,
Bocinas,T2652-S,rockford-fosgate-t2652-s,"Componentes Power T2 de 6.5"" T2652-S",Rockford Fosgate,Juego de componentes de 6.5 pulgadas con crossover pasivo,4000,,disponible,,FALSO,VERDADERO,,"6.5""",100,4,,,89,componentes-2v,,,,,,,,,,,,,,,,,,,Potencia máxima,200 W,Respuesta en frecuencia,55 Hz – 22 kHz,Cono,"Fibra de carbono y polipropileno, suspensión de butilo, tapón de fase de aluminio",Tweeter,"Neo-tweeter de domo de aluminio de 1"", 3 niveles de atenuación",Crossover,"Externo audiófilo, pasa altos 18 dB/oct y pasa bajos 12 dB/oct a 3,000 Hz, bi-amplificable",,,,,,,,,,
Bocinas,TS-R1651S,pioneer-ts-r1651s,"Bocinas coaxiales  de 6.5"" TS-R1651S",Pioneer,Par de bocinas coaxiales de 6.5 pulgadas de 3 vías,450,,disponible,,FALSO,VERDADERO,,"6.5""",40,4,,42,90,coaxial-3v,,,,,,,,,,,,,,,,,,,Potencia máxima,300 W,Respuesta en frecuencia,30 Hz – 18 kHz,Diámetro de corte,ø128 mm,Contenido,Par de bocinas,,,,,,,,,,,,
Bocinas,TS-R6951S,pioneer-ts-r6951s,"Bocinas coaxiales de 6x9"" TS-R6951S",Pioneer,Par de bocinas coaxiales de 6x9 pulgadas de 3 vías,600,,agotado,,FALSO,FALSO,,"6x9""",60,4,,,,coaxial-3v,,,,,,,,,,,,,,,,,,,Serie,TS-R,Presentación,Par de bocinas,,,,,,,,,,,,,,,,
Bocinas,TS-T110,pioneer-ts-t110,"Tweeters de 7/8"" TS-T110",Pioneer,Par de tweeters de montaje en superficie con crossover incluido,500,,disponible,,FALSO,VERDADERO,,"8""",40,4,,,90,tweeter,,,,,,,,,,,,,,,,,,,Potencia máxima,120 W,Respuesta en frecuencia,"2,500 Hz – 30 kHz",Montaje,Empotrado o en superficie,Crossover,Filtro pasa altos en línea de 6 dB/oct.,Contenido,Par de tweeters,,,,,,,,,,
Bocinas,XED42,cerwin-vega-xed42,"Bocinas coaxiales XED de 4"" XED42",Cerwin Vega,Par de bocinas coaxiales de 4 pulgadas,250,,disponible,,FALSO,VERDADERO,,"4""",20,4,,,93,coaxial-2v,,,,,,,,,,,,,,,,,,,Potencia máxima,250 W,Cono,Polipropileno curvilíneo,Tweeter,Domo balanceado de metal,,,,,,,,,,,,,,
Bocinas,XED52,cerwin-vega-xed52,"Bocinas coaxiales XED de 5.25"" XED52",Cerwin Vega,Par de bocinas coaxiales de 5.25 pulgadas,300,,disponible,,FALSO,VERDADERO,,"5.25""",30,4,,,94,coaxial-2v,,,,,,,,,,,,,,,,,,,Potencia máxima,275 W,Cono,Polipropileno,Tweeter,"Domo balanceado de metal piezoeléctrico de 1""",Incluye,Rejillas,,,,,,,,,,,,
Bocinas,XED57,cerwin-vega-xed57,"Bocinas coaxiales XED de 5x7"" XED57",Cerwin Vega,Par de bocinas coaxiales de 5x7 pulgadas,300,,disponible,,FALSO,VERDADERO,,"5x7""",30,4,,,,coaxial-2v,,,,,,,,,,,,,,,,,,,Potencia máxima,250 W,Cono,Polipropileno curvilíneo,Tweeter,"Domo balanceado de metal de 1""",Incluye,Rejillas,,,,,,,,,,,,
Bocinas,XED62,cerwin-vega-xed62,"Bocinas coaxiales XED de 6.5"" XED62",Cerwin Vega,Par de bocinas coaxiales de 6.5 pulgadas,350,,disponible,,VERDADERO,VERDADERO,,"6.5""",35,4,,,94,coaxial-2v,,,,,,,,,,,,,,,,,,,Potencia máxima,300 W,Cono,Polipropileno,Tweeter,"Domo balanceado de metal piezoeléctrico de 3/4""",Incluye,Rejillas,,,,,,,,,,,,
Bocinas,XED693,cerwin-vega-xed693,"Bocinas coaxiales XED de 6x9"" XED693",Cerwin Vega,Par de bocinas coaxiales de 6x9 pulgadas de 3 vías,450,,disponible,,VERDADERO,VERDADERO,,"6x9""",45,4,,87,,coaxial-3v,,,,,,,,,,,,,,,,,,,Potencia máxima,350 W,Respuesta en frecuencia,50 Hz – 20 kHz,Cono,Polipropileno con suspensión de espuma tratada,Tweeter,Domo balanceado de aluminio,Diámetro de corte,151 × 179 mm,,,,,,,,,,
Ecualizadores,DSP66LCD,cerwin-vega-dsp66lcd,Procesador con pantalla DSP66LCD,Cerwin Vega,Procesador digital de señal de 6 entradas y 6 salidas con pantalla LCD de control,2500,,disponible,,FALSO,VERDADERO,,,,,,,,,6,,,,,,,,procesador,,,,,,,,,,Control,Pantalla LCD integrada,Funciones,"Crossover, ecualización, alineación de tiempo y nivel independiente por canal",Aplicación,Afinar sistemas de varias vías y corregir la acústica del vehículo,Instalación,Entre la fuente y los amplificadores,,,,,,,,,,,,
Ecualizadores,DSP88,cerwin-vega-dsp88,Procesador de 8 canales DSP88,Cerwin Vega,Procesador digital de señal de 8 entradas y 8 salidas,2500,,disponible,,FALSO,VERDADERO,,,,,,,,,8,,,,,,,,procesador,,,,,,,,,,Marca,Cerwin Vega,Funciones,"Crossover, ecualización, alineación de tiempo y nivel independiente por canal",Aplicación,Sistemas de competencia y configuraciones de tres o más vías activas,Instalación,Entre la fuente y los amplificadores,,,,,,,,,,,,
Ecualizadores,EQ780,cerwin-vega-eq780,Ecualizador paramétrico de 7 bandas EQ780,Cerwin Vega,Ecualizador paramétrico de 7 bandas con entrada auxiliar y entrada de alto nivel,1250,,disponible,,FALSO,VERDADERO,,,,,,,,,6,,,,,,3,7,parametrico,7,,,,,,,,,Entradas,"Auxiliar y de alto nivel, compatible con radio original",Voltaje de salida,7 V RMS,Controles,Nivel independiente de subwoofer,Filtro,Pasa bajos seleccionable para el canal de subwoofer,,,,,,,,,,,,
Ecualizadores,EQL7,memphis-eql7,Ecualizador gráfico de 7 bandas EQL7,Memphis,Ecualizador gráfico de 7 bandas para ajuste de tono del sistema,1750,,disponible,,VERDADERO,VERDADERO,,,,,,,,,6,,,,,,,,grafico,7,,,,,,,,,Instalación,Se conecta entre las salidas preamplificadas del radio y la entrada del amplificador,Aplicación,Corregir la respuesta del vehículo entre la fuente y los amplificadores,,,,,,,,,,,,,,,,
Ecualizadores,EQP850,cerwin-vega-eqp850,"Ecualizador de 5 bandas con procesador de graves EQP850 ",Cerwin Vega,Ecualizador de preamplificación de 5 bandas con procesadores de graves,1350,,disponible,,FALSO,VERDADERO,,,,,,,,,6,,,,,,3,9,parametrico,5,,,,,,,,,Controles,Frecuencia y nivel de subwoofer,Voltaje de salida,9 V máximo,Entradas,RCA con contactos niquelados,Extras,Procesadores de graves integrados,,,,,,,,,,,,
Ecualizadores,KEQ-BOOM,kbt-keq-boom,Ecualizador KEQ-BOOM,KBT,Ecualizador de preamplificación con control de refuerzo de graves,1100,,disponible,,VERDADERO,VERDADERO,,,,,,,,,4,,,,,,,,grafico,5,,,,,,,,,Control,Refuerzo de graves ajustable,Marca,KBT,Instalación,Entre las salidas preamplificadas del radio y la entrada del amplificador,Aplicación,Realzar el audio en sistemas con radio de fábrica o de reemplazo,,,,,,,,,,,,
Ecualizadores,KEQS-7,kbt-keqs-7,Ecualizador gráfico de 7 bandas KEQS-7,KBT,Ecualizador gráfico de 7 bandas con crossover y salidas RCA de 8 volts,1100,,disponible,,VERDADERO,VERDADERO,,,,,,,,,6,,,,,,,8,grafico,7,,,,,,,,,Controles,"Volumen general, nivel independiente de subwoofer y fader",Crossover,Integrado,Aplicación,Ajuste fino del sistema entre la fuente y los amplificadores,,,,,,,,,,,,,,
Ecualizadores,SDR-48DSPBT,kbt-sdr-48dspbt,Procesador DSP Soldier con Bluetooth SDR-48DSPBT,KBT,Procesador digital de señal de 4 entradas y 8 salidas con Bluetooth,2200,,disponible,,FALSO,VERDADERO,,,,,,,,,8,,,,,,,,procesador,,,,,,,,,,Conectividad,Bluetooth para transmisión de audio,Funciones,"Crossover, ecualización, alineación de tiempo y nivel por canal",Línea,Soldier,,,,,,,,,,,,,,
Ecualizadores,SGT-48DSPHF,kbt-sgt-48dsphf,Procesador DSP Sergeant SGT-48DSPHF,KBT,Procesador digital de señal de 4 entradas y 8 salidas con manos libres,2800,,disponible,,FALSO,VERDADERO,,,,,,,,,8,,,,,,,,procesador,,,,,,,,,,Funciones,"Crossover, ecualización, alineación de tiempo y nivel por canal",Línea,Sergeant,Manos libres,Función de llamadas manos libres integrada,,,,,,,,,,,,,,
Insonorización,CLASSIC BULK KIT,soundskins-classic-bulk-kit,Classic - Rollo a granel,SoundSkins,Rollo a granel de butilo y foil de una sola capa con 3.6 metros cuadrados de cobertura,2400,,disponible,,FALSO,VERDADERO,,,,,,,,,,,,,,,,,,,2,3.6,mixto,,,,,,Medidas de la lámina,"23.6"" × 236"" (60 × 600 cm)",Presentación,Rollo continuo sobre tubo interior para desenrollado fácil,Acabado,Disponible en foil plateado clásico o negro discreto,Aplicación,"Amortiguamiento en una sola capa, sin agregar peso excesivo",,,,,,,,,,,,
Insonorización,CLASSIC LITE BK,soundskins-classic-lite-bk,Classic Lite - Negro,SoundSkins,Lámina insonorizante de perfil ultradelgado con 4.7 metros cuadrados de cobertura,1400,,disponible,,VERDADERO,VERDADERO,,,,,,,,,,,,,,,,,,,1.3,4.7,mixto,,,,,,Presentación,Kit de láminas,Aplicación,Paneles donde el espacio o el peso son críticos,,,,,,,,,,,,,,,,
Insonorización,PRO PLUS WORKSHOP KIT,soundskins-pro-plus-workshop-kit,Pro Plus - Rollo de taller,SoundSkins,Rollo de taller de tres capas con 6 metros cuadrados de cobertura,4200,,disponible,,FALSO,VERDADERO,,,,,,,,,,,,,,,,,,,4.57,6,mixto,,,,,,Presentación,Rollo continuo montado en tubo de cartón para dispensar,Medidas de la lámina,"29.5"" × 315"" (75 × 800 cm)",Adhesivo,"Butilo de alto poder adhesivo, no se despega una vez aplicado",Resistencia,Espuma y butilo impermeables y resistentes al calor,Aplicación,"Puertas, piso, techo, cajuela y salpicadera; corte a medida",Uso recomendado,"Talleres que insonorizan varios vehículos, reduce desperdicio",,,,,,,,
Insonorización,SS PRO1,soundskins-ss-pro1,SoundSkins Pro - Lámina de tres capas,SoundSkins,Lámina insonorizante de tres capas con 1 metro cuadrado de cobertura,1050,,disponible,,FALSO,VERDADERO,,,,,,,,,,,,,,,,,,,4.5,1,mixto,,,,,,Función,"Reduce vibraciones, aísla calor y minimiza resonancia en un solo material",Adhesivo,Butilo de alto poder adhesivo,Aplicación,Puertas y paneles individuales,,,,,,,,,,,,,,
Insonorización,SSK HTSHLD,soundskins-ssk-htshld,Heat Shield - Barrera térmica,SoundSkins,Manta de barrera térmica y acústica de doble capa para cofre y salpicadera,2000,,disponible,,FALSO,VERDADERO,,,,,,,,,,,,,,,,,,,10,5,mixto,,,,,,Función térmica,"El foil refleja el calor radiante del motor, escape y sol",Función acústica,"La espuma de celda cerrada absorbe ruido de motor, llantas y escape",Aplicación,"Uso fuera de la cabina: cofre, compartimiento del motor y salpicadera",Presentación,Manta en rollo,,,,,,,,,,,,
Insonorización,TAPE,soundskins-tape,Foil Tape - Cinta de espuma acústica,SoundSkins,Juego de cuatro rollos de cinta de espuma de celda cerrada para eliminar rechinidos,600,,disponible,,FALSO,VERDADERO,,,,,,,,,,,,,,,,,,,3,1,espuma,,,,,,Contenido,"Cuatro rollos de 2"", 1"" y 0.5"" de ancho",Función,Elimina rechinidos y vibraciones entre paneles,Aplicación,"Uniones de plásticos, clips de panel y contactos entre piezas",,,,,,,,,,,,,,
Insonorización,WAVY,soundskins-wavy,Wavy - Espuma acústica de 8 mm,SoundSkins,Manta de espuma de celda cerrada de 8 mm para absorción acústica,700,,disponible,,VERDADERO,VERDADERO,,,,,,,,,,,,,,,,,,,8,3,espuma,,,,,,Función,Absorbe la onda trasera de las bocinas y el ruido dentro de cavidades,Aplicación,Se coloca sobre la lámina de butilo como segunda capa,,,,,,,,,,,,,,,,
Kits,4GKIT,memphis-4gkit,Kit de instalación calibre 4 4GKIT,Memphis,Kit completo de cableado calibre 4 en cobre libre de oxígeno con portafusible ANL,1800,,disponible,,FALSO,VERDADERO,,,,,,,,,,,,,,,,,,,,,,4,cobre,,,,Contenido,"Corriente, tierra, remoto, 2 RCA y fusible",Longitud del cable de corriente,"17 ft (5.2 m), naranja esmerilado",Cable de tierra,"3 ft (0.9 m), calibre 4, negro esmerilado",Cable remoto,"17 ft (5.2 m), calibre 18, azul",Cables RCA incluidos,Dos interconexiones de 17 ft y 2 canales,Portafusible,Bloque de fusible tipo ANL,Recomendado para,"Amplificadores PRX800.1V2, PRX1000.1V2, PRX1500.1V2 y PRX800.5V2",,,,,,
Kits,8GKIT,memphis-8gkit,Kit de instalación calibre 8 8GKIT,Memphis,Kit completo de cableado calibre 8 en cobre libre de oxígeno con portafusible AFS,950,,disponible,,FALSO,VERDADERO,,,,,,,,,,,,,,,,,,,,,,8,cobre,,,,Contenido,"Corriente, tierra, remoto, RCA y fusible",Portafusible,Tipo AFS con fusible de 60 A incluido,Cables RCA incluidos,Una interconexión ETP-17 de 17 ft y 2 canales,Recomendado para,"Amplificadores PRX500.4V2, PRX400.1V2, SRX300.4V y MX400.4",,,,,,,,,,,,
Kits,CAK42,cerwin-vega-cak42,Kit de amplificador de 2 canales calibre 4 CAK42,Cerwin Vega,Kit completo de cableado calibre 4 en cobre libre de oxígeno para amplificador de 2 canales,1000,,disponible,,FALSO,VERDADERO,,,,,,,,,,,,,,,,,,,,,,4,cobre,1200,,,Contenido,"Corriente, tierra, remoto y RCA",Longitud del cable de corriente,"17 ft (5.2 m), rojo mate con terminal de ojo",Cable de tierra,"3 ft (0.9 m), negro mate con terminal de ojo",Cable remoto,"17 ft (5.2 m), calibre 18",Cables RCA incluidos,"17 ft (5.2 m), 2 canales, serie Vega",Portafusible,Incluido,,,,,,,,
Kits,CAK82,cerwin-vega-cak82,Kit de amplificador de 2 canales calibre 8 CAK82,Cerwin Vega,Kit completo de cableado calibre 8 en cobre libre de oxígeno para amplificador de 2 canales,550,,disponible,,FALSO,VERDADERO,,,,,,,,,,,,,,,,,,,,,,8,cobre,,,,Contenido,"Corriente, tierra, remoto y RCA",Cables RCA incluidos,"17 ft (5.2 m), 2 canales",Portafusible,Tipo AGU incluido,Fusible,60 A incluido,Aplicación,"Bocinas de puerta, sistemas de componentes y amplificadores de subwoofer compactos",,,,,,,,,,
Kits,KIT-0CCA,kbt-kit-0cca,Kit de instalación calibre 0 KIT-0CCA,KBT,Kit completo de cableado calibre 0 en aluminio recubierto de cobre para sistemas de alta potencia,500,,disponible,,FALSO,VERDADERO,,,,,,,,,,,,,,,,,,,,,,0,cca,,,,Contenido,"Cable de corriente, tierra, remoto, cables RCA, portafusible y terminales",Aplicación,Sistemas de alta potencia con uno o varios amplificadores monoblock,,,,,,,,,,,,,,,,
Kits,KIT-4CCA,kbt-kit-4cca,Kit de instalación calibre 4 KIT-4CCA,KBT,"Kit completo de cableado calibre 4 en Aluminio recubierto de cobre (CCA) para amplificador de hasta 1,800 W",300,,disponible,,FALSO,VERDADERO,,,,,,,,,,,,,,,,,,,,,,4,cca,1800,,,Cable de corriente,"17 ft (5.2 m), rojo",Cable de tierra,"3 ft (0.9 m), negro",Cable remoto,"17 ft (5.2 m), calibre 18, azul",Cable de bocina,"17 ft (5.2 m), calibre 16",Cables RCA incluidos,"17 ft (5.2 m), trenzado y blindado",Portafusible,Mini ANL niquelado con fusible de 80 A,,,,,,,,
Kits,KIT-4R2,kbt-kit-4r2,Kit de instalación calibre 4 KIT-4R2,KBT,"Kit completo de cableado calibre 4 en Cobre para amplificador de hasta 1,800 W",400,,disponible,,FALSO,VERDADERO,,,,,,,,,,,,,,,,,,,,,,4,cobre,1800,,,Cable de corriente,"17 ft (5.2 m), rojo",Cable de tierra,"3 ft (0.9 m), negro",Cable remoto,"17 ft (5.2 m), calibre 18, azul",Cable de bocina,"17 ft (5.2 m), calibre 16",Cables RCA incluidos,"17 ft (5.2 m), trenzado y blindado",Portafusible,Mini ANL niquelado con fusible de 80 A,,,,,,,,
Kits,KIT-8CCA,kbt-kit-8cca,Kit de instalación calibre 8 KIT-8CCA,KBT,"Kit completo de cableado calibre 8 en Aluminio recubierto de cobre (CCA) para amplificador de hasta 1,200 W",200,,disponible,,FALSO,VERDADERO,,,,,,,,,,,,,,,,,,,,,,8,cca,1200,,,Cable de corriente,"17 ft (5.2 m), rojo",Cable de tierra,"3 ft (0.9 m), negro",Cable remoto,"17 ft (5.2 m), calibre 18, azul",Cable de bocina,"17 ft (5.2 m), calibre 16",Cables RCA incluidos,"17 ft (5.2 m), trenzado y blindado",Portafusible,Mini ANL niquelado con fusible de 80 A,,,,,,,,
Kits,KIT-8R2,kbt-kit-8r2,Kit de instalación calibre 8 KIT-8R2,KBT,"Kit completo de cableado calibre 8 en Cobre para amplificador de hasta 1,200 W",275,,disponible,,FALSO,VERDADERO,,,,,,,,,,,,,,,,,,,,,,8,cobre,1200,,,Cable de corriente,"17 ft (5.2 m), rojo",Cable de tierra,"3 ft (0.9 m), negro",Cable remoto,"17 ft (5.2 m), calibre 18, azul",Cable de bocina,"17 ft (5.2 m), calibre 16",Cables RCA incluidos,"17 ft (5.2 m), trenzado y blindado",Portafusible,Mini ANL niquelado con fusible de 80 A,,,,,,,,
Kits,MXA8GKIT,memphis-mxa8gkit,Kit de instalación marino calibre 8 MXA8GKIT,Memphis,Kit de cableado calibre 8 con cobre estañado para uso marino y powersports,850,,disponible,,FALSO,VERDADERO,,,,,,,,,,,,,,,,,,,,,,8,cobre,,,,Material,Cobre estañado grado marino,Aplicación,Instalaciones marinas y powersports expuestas a humedad y sal,Ventaja,El estañado evita la corrosión que degrada el cobre desnudo en ambiente salino,Serie,MXA Marine,Portafusible,Incluye portafusible a prueba de agua,,,,,,,,,,
Receptores,DEH-S4250BT,pioneer-deh-s4250bt,Autoestéreo con CD DEH-S4250BT,Pioneer,"Autoestéreo un DIN con reproductor de CD, Bluetooth y USB",1300,,disponible,,FALSO,VERDADERO,,,,,,,,,,,1-din,0,FALSO,FALSO,2,2,,,,,,,,,,,Conectividad,"Doble Bluetooth para 2 teléfonos, USB frontal con carga de 1.5 A, AUX 3.5 mm",Potencia de salida,"50 W × 4 (máx.), amplificador MOSFET",Ecualizador,Gráfico de 13 bandas (31 con la app Pioneer Smart Sync),Convertidor D/A,24 bits,Reproducción,"CD, MP3, WMA, WAV, AAC y FLAC",Apps,"Spotify, Pioneer Smart Sync y Siri Eyes Free",Sintonizador,AM/FM con RDS,,,,,,
Receptores,DEH-X5000BT,pioneer-deh-x5000bt,Autoestéreo con CD DEH-X5000BT,Pioneer,"Autoestéreo con reproductor de CD, Bluetooth, MIXTRAX e iluminación personalizable",1450,,disponible,,FALSO,VERDADERO,,,,,,,,,,,1-din,0,FALSO,FALSO,2,2,,,,,,,,,,,Conectividad,"Bluetooth, USB frontal iluminado de 1 A, AUX frontal",Potencia de salida,"50 W × 4 (máx.), amplificador MOSFET",Ecualizador,Gráfico de 13 bandas,Convertidor D/A,24 bits,Reproducción,"CD, MP3, WMA, WAV, AAC y FLAC",Apps,"Pioneer Smart Sync, Siri Eyes Free y control de apps de música",Iluminación,"Personalizable, más de 210,000 colores",Sintonizador,Supertuner IIID AM/FM con RDS,,,,
Receptores,DMH-A375BT,pioneer-dmh-a375bt,"Pantalla de 7"" DMH-A375BT",Pioneer,"Receptor multimedia doble DIN con pantalla capacitiva de 7 pulgadas, WebLink Cast y doble entrada de cámara",2200,,disponible,,FALSO,VERDADERO,,,,,,,,,,,2-din,7,FALSO,FALSO,2,2,,,,,,,,,,,Conectividad,"Bluetooth 5.2 con manos libres (HFP), audio A2DP y control AVRCP",Potencia de salida,"50 W × 4 (máx.), amplificador MOSFET",Ecualizador,Gráfico de 13 bandas con ajuste de corte y refuerzo de graves,Espejeo,"WebLink y WebLink Cast: proyecta la pantalla del teléfono por cable, iOS y Android",Entradas de cámara,"Doble, delantera y trasera, para estacionar y remolcar con más visibilidad",USB,Puerto frontal con carga rápida para Android (CDP),Reproducción,"MP3, WMA, AAC, WAV y FLAC · Video Full HD en DivX, MP4, H.264 y WMV desde USB",,,,,,
Receptores,DMH-A5650BT,pioneer-dmh-a5650bt,"Pantalla de 6.8"" DMH-A5650BT",Pioneer,"Receptor multimedia de 6.8 pulgadas con Apple CarPlay, Android Auto y ajuste de sonido de 3 vías",4250,,agotado,,FALSO,FALSO,,,,,,,,,,,2-din,6.8,VERDADERO,VERDADERO,3,4,,,,,,,,,,,Conectividad,Bluetooth con navegación de archivos AVRCP 1.6 y puerto USB,Ajuste de sonido,"Alineación de tiempo, crossover de 3 vías y posición de escucha",Accesos rápidos,Tecla de acceso directo y tecla de acceso rápido en el panel,Reproducción,Video desde USB en múltiples formatos digitales,Entradas de cámara,Cámara de reversa con línea de asistencia de estacionamiento,,,,,,,,,,
Receptores,DMH-AP6650BT,pioneer-dmh-ap6650bt,"Pantalla de 9"" DMH-AP6650BT",Pioneer,Receptor multimedia de 9 pulgadas con Apple CarPlay y Android Auto inalámbricos,4000,,disponible,,VERDADERO,VERDADERO,,,,,,,,,,,flotante,9,VERDADERO,VERDADERO,3,4,,,,,,,,,,,Conectividad,"Apple CarPlay y Android Auto inalámbricos o por cable, Bluetooth y Wi-Fi",Potencia de salida,50 W × 4 (máx.),Ecualizador,Gráfico de 13 bandas,Procesador,DSP AKM AK7604 de 64 bits,USB,USB 2.0 con carga rápida de 1.5 A,Espejeo,"WebLink Cast, navegador web y YouTube",,,,,,,,
Receptores,DMH-G225BT,pioneer-dmh-g225bt,"Pantalla de 6.2"" DMH-G225BT",Pioneer,Receptor multimedia doble DIN con pantalla táctil y Bluetooth,1900,,disponible,,FALSO,VERDADERO,,,,,,,,,,,2-din,6.2,FALSO,FALSO,2,2,,,,,,,,,,,Conectividad,"Bluetooth manos libres y audio, USB frontal, AUX 3.5 mm",Potencia de salida,"50 W × 4 (máx.), amplificador MOSFET",Ecualizador,Gráfico de 7 bandas,Reproducción,"MP3, WMA, AAC, WAV y FLAC vía USB",Entrada de cámara,"Sí, para cámara de reversa",Sintonizador,AM/FM con RDS,Control al volante,Compatible mediante adaptador,,,,,,
Receptores,DMH-Z5150BT,pioneer-dmh-z5150bt,"Pantalla de 7"" DMH-Z5150BT",Pioneer,"Receptor multimedia de 7 pulgadas con Apple CarPlay, Android Auto y salidas de alto voltaje",3750,,disponible,,VERDADERO,VERDADERO,,,,,,,,,,,2-din,7,VERDADERO,VERDADERO,3,4,,,,,,,,,,,Conectividad,"Doble Bluetooth con memoria para 5 dispositivos, USB trasero y AUX de audio y video",Potencia de salida,"50 W × 4 (máx.), amplificador MOSFET",Espejeo,"Apple CarPlay y Android Auto por USB, más modo AppRadio+",Ecualizador,Gráfico de 13 bandas con MIXTRAX,Reproducción,"Video Full HD desde USB en DivX, H.264, MPEG-4 y JPEG · audio MP3, WMA y FLAC",Entradas de cámara,Cámara de reversa con guías de estacionamiento,,,,,,,,
Receptores,DMH-Z5350BT,pioneer-dmh-z5350bt,"Pantalla de 6.8"" DMH-Z5350BT",Pioneer,Receptor multimedia capacitivo de 6.8 pulgadas con Apple CarPlay y Android Auto por cable,4900,,disponible,,FALSO,VERDADERO,,,,,,,,,,,2-din,6.8,VERDADERO,VERDADERO,3,4,,,,,,,,,,,Conectividad,Bluetooth integrado y puerto USB,Ecualizador,Gráfico de 13 bandas,Espejeo,"Apple CarPlay, Android Auto y WebLink por cable USB",Navegación,Compatible con Waze a través de CarPlay o Android Auto,Potencia de salida,"50 W × 4 (máx.), amplificador MOSFET",,,,,,,,,,
Receptores,DMH-Z6350BT,pioneer-dmh-z6350bt,"Pantalla de 6.8"" DMH-Z6350BT con Alexa",Pioneer,"Receptor multimedia de 6.8 pulgadas con CarPlay inalámbrico, Alexa integrada y audio de alta resolución",6950,,disponible,,FALSO,VERDADERO,,,,,,,,,,,2-din,6.8,VERDADERO,VERDADERO,3,4,,,,,,,,,,,Conectividad,CarPlay inalámbrico y Alexa,Audio,Reproducción de alta resolución (Hi-Res Audio),Espejeo,Apple CarPlay inalámbrico o por cable · Android Auto por cable,Asistente de voz,Amazon Alexa integrada,Sintonizador,Hybrid Radio,Ecualizador,Gráfico de 13 bandas,,,,,,,,
Receptores,DMH-ZS9350BT,pioneer-dmh-zs9350bt,"Pantalla de 9"" DMH-ZS9350BT Audiophile",Pioneer,Receptor multimedia de 9 pulgadas tipo pantalla separada con DSP de 52 bits y componentes grado audiófilo,10000,,disponible,,FALSO,VERDADERO,,,,,,,,,,,flotante,9,VERDADERO,VERDADERO,3,4,,,,,,,,,,,Procesador,DSP Pioneer Triple Core de 52 bits con Master Sound Reviver,Conectividad,"CarPlay, Android Auto y Alexa",Potencia de salida,50 W × 4,Asistente de voz,Amazon Alexa integrada,Componentes,"De grado audiófilo, seleccionados para máxima calidad de audio",Audio,Reproducción de alta resolución,,,,,,,,
Receptores,MVH-S235BT,pioneer-mvh-s235bt,Receptor digital MVH-S235BT,Pioneer,"Receptor digital sin mecanismo con Bluetooth, USB y entrada auxiliar",750,,disponible,,FALSO,VERDADERO,,,,,,,,,,,1-din,0,FALSO,FALSO,2,2,,,,,,,,,,,Conectividad,"Bluetooth manos libres y audio, USB frontal, AUX 3.5 mm",Potencia de salida,"50 W × 4 (máx.) / 22 W × 4 continuos, MOSFET",Impedancia,4 Ω (admite de 4 a 8 Ω),Ecualizador,"Gráfico de 5 bandas, ±12 dB",Reproducción,"MP3, WMA, WAV y FLAC vía USB",Sintonizador,AM/FM con RDS,Dimensiones del chasis,178 × 50 × 97 mm,Peso,0.5 kg,,,,
Receptores,MVH-S325BT,pioneer-mvh-s325bt,Receptor digital MVH-S325BT,Pioneer,"Receptor digital sin mecanismo con doble Bluetooth, Spotify y USB",1000,,disponible,,FALSO,VERDADERO,,,,,,,,,,,1-din,0,FALSO,FALSO,1,2,,,,,,,,,,,Conectividad,"Doble Bluetooth para 2 teléfonos, USB frontal, AUX 3.5 mm",Potencia de salida,"50 W × 4 (máx.), amplificador MOSFET",Ecualizador,Gráfico de 13 bandas (31 con la app Pioneer Smart Sync),Convertidor D/A,24 bits,Reproducción,"MP3, WMA, WAV, AAC y FLAC vía USB",Apps,"Spotify, Pioneer Smart Sync y Siri Eyes Free",Alineación de tiempo,Manual,Sintonizador,AM/FM con RDS,,,,
Receptores,MVH-X700BT,pioneer-mvh-x700bt,Receptor digital MVH-X700BT,Pioneer,Receptor digital sin mecanismo con salidas de 4 V e iluminación personalizable,1350,,disponible,,VERDADERO,VERDADERO,,,,,,,,,,,1-din,0,FALSO,FALSO,3,4,,,,,,,,,,,Conectividad,"Bluetooth, USB frontal iluminado de 1 A, AUX frontal",Potencia de salida,"50 W × 4 (máx.), amplificador MOSFET",Ecualizador,Gráfico de 13 bandas (31 con la app Pioneer Smart Sync),Red de crossover,Modo network de 3 vías,Convertidor D/A,24 bits,Reproducción,"MP3, WMA, WAV, AAC y FLAC vía USB",Iluminación,"Personalizable, más de 210,000 colores con Club Lights",Incluye,Control remoto tipo tarjeta,,,,
Receptores,PMX-3,rockford-fosgate-pmx-3,Receptor marino PMX-3,Rockford Fosgate,Receptor digital marino resistente a la intemperie con Bluetooth,8000,,disponible,,FALSO,VERDADERO,,,,,,,,,,,especifico,0,FALSO,FALSO,0,2,,,,,,,,,,,Conectividad,Bluetooth,Potencia de salida,25W x 4 @ 4Ω RMS / 50W x 4 @ 2Ω Pico,Sintonizador,AM/FM digital,Entrada de cámara,Sí,Aplicación,Uso marino,,,,,,,,,,
Receptores,PMX-HD9813,rockford-fosgate-pmx-hd9813,Receptor digital PMX-HD9813 para Harley-Davidson,Rockford Fosgate,Receptor digital de reemplazo directo para motocicletas Harley-Davidson 1998-2013,10000,,disponible,,FALSO,VERDADERO,,,,,,,,,,,especifico,3,FALSO,FALSO,0,4,,,,,,,,,,,Conectividad,"Bluetooth con A2DP y AVRCP, USB con carga de 1.5 A",Ecualizador,Gráfico de 7 bandas más ecualizador paramétrico,Sintonizador,"AM/FM digital, listo para SiriusXM",Apps,Control de Pandora,Controles,Conserva los controles de manubrio de fábrica,Extras,Voltímetro con alerta de bajo voltaje y control independiente de nivel de subwoofer,Compatibilidad,"Motocicletas Harley-Davidson selectas de 1998 a 2013, instalación plug and play",,,,,,
Sistemas,MXA46SB28,memphis-mxa46sb28,"Barra de sonido powersports 28"" con Bluetooth y app MXA46SB28",Memphis,"Barra de sonido amplificada de 28 pulgadas con 8 bocinas, Bluetooth, radio y control por app",5700,,disponible,,FALSO,VERDADERO,Bocinas,,,,,,,,,,,,,,,,,,,,,,,,,,Configuración,Barra de sonido de 2 vías: cuatro medios y cuatro tweeters en un solo chasis,Potencia RMS,300 W,Longitud,"28"" (71 cm) de largo",Sistema,"Ocho bocinas: cuatro medios de 6.5"" y cuatro tweeters",Protección,IP66,Amplificador,Integrado,Conectividad,"Bluetooth integrado, sintonizador AM/FM y banda de clima",Control por app,"Ecualizador, fader, balance, color RGB, salida de subwoofer y presintonías",Salida preamp,"5 V, permite usarla como fuente de todo el sistema",Iluminación,LED RGB en las bocinas
Sistemas,RZR19PXP-STG4,rockford-fosgate-rzr19pxp-stg4,Sistema Stage 4 para Polaris RZR Pro XP,Rockford Fosgate,"Sistema de audio completo de 1,500 W para Polaris RZR Pro XP 2019 en adelante, con iluminación RGB",17000,,bajo_pedido,,FALSO,FALSO,"Subwoofers, Bocinas",,,,,,,,,,,,,,,,,,,,,,,,,,Potencia,"1,500 W, con amplificador M5-1500X5 de 5 canales grado IPX6",Iluminación,Color Optix RGB con controlador PMX-RGB y app opcional,Tipo,"Sistema de audio completo de ajuste directo, configuración Stage 4",Aplicación,Polaris RZR Pro XP 2019+,Receptor,"PMX-2 con pantalla a color de 2.7"", Bluetooth, AUX, USB y control de Pandora",Bocinas frontales,"Pods con medios de rango completo TMS65 de 6.5""",Bocinas traseras,"Moto-cans M1WL-65MB de 6.5"" con iluminación multicolor",Subwoofer,"M1 de 10"" Element Ready en cajón ventilado con puerto sellable para vadeo",Instalación,"Plug and play con kit de tablero moldeado, usa puntos de montaje originales",Ajuste del amplificador,"Interruptor de preset ""Rockford Fosgate"" que elimina la calibración manual"
Sistemas,RZR19PXP-STG6,rockford-fosgate-rzr19pxp-stg6,Sistema Stage 6 para Polaris RZR Pro XP,Rockford Fosgate,"Sistema de audio completo de 1,500 W para Polaris RZR Pro XP 2019 en adelante, con iluminación RGB",31000,,bajo_pedido,,FALSO,FALSO,"Subwoofers, Bocinas",,,,,,,,,,,,,,,,,,,,,,,,,,Potencia,"1,500 W, con amplificador M5-1500X5 de 5 canales grado IPX6",Iluminación,Color Optix RGB con controlador PMX-RGB y app opcional,Tipo,"Sistema de audio completo de ajuste directo, configuración Stage 6",Aplicación,Polaris RZR Pro XP 2019+,Receptor,"PMX-3 con pantalla a color de 2.7"", Bluetooth, AUX, USB con carga y listo para cámara de reversa",Bocinas frontales,"Pods con medios de rango completo TMS65 de 6.5"" y tweeters M2-TS de 1""",Bocinas traseras,"Moto-cans M2 de 8"" con iluminación Color Optix",Subwoofer,"M2 de 10"" Element Ready en cajón de ajuste exacto con Color Optix",Instalación,"Plug and play con kit de tablero moldeado, usa puntos de montaje originales",Incluye,Kit de cableado RZR19PXP-K4 calibre 4 y todos los herrajes
Sistemas,X317-STG4,rockford-fosgate-x317-stg4,Sistema marino X317 Stage 4,Rockford Fosgate,"Sistema de audio marino completo de ajuste directo, configuración Stage 4",46200,,disponible,,FALSO,VERDADERO,Bocinas,,,,,,,,,,,,,,,,,,,,,,,,,,Tipo,"Sistema de audio marino completo, listo para instalar",Configuración,Stage 4,Instalación,"Ajuste directo, sin fabricación",Contenido,"Fuente, amplificación y bocinas emparejadas de fábrica",Protección ambiental,Componentes Element Ready de grado marino,,,,,,,,,,
Sistemas,X317-STG6,rockford-fosgate-x317-stg6,Sistema marino X317 Stage 6,Rockford Fosgate,"Sistema de audio marino completo de ajuste directo, configuración Stage 6",70000,,disponible,,FALSO,VERDADERO,"Subwoofers, Bocinas",,,,,,,,,,,,,,,,,,,,,,,,,,Tipo,"Sistema de audio marino completo, listo para instalar",Configuración,Stage 6,Instalación,"Ajuste directo, sin fabricación",Contenido,"Fuente, amplificación, bocinas y subwoofer emparejados de fábrica",Protección ambiental,Componentes Element Ready de grado marino,,,,,,,,,,
Subwoofers,COR-104D,kbt-cor-104d,"Subwoofer Coronel de 10"" COR-104D",KBT,Subwoofer de 10 pulgadas de doble bobina de 4 ohm con cono de papel moldeado,1150,,disponible,,FALSO,VERDADERO,,"10""",600,4,doble,,90,,,,,,,,,,,,,,,,,,,,Potencia máxima,"2,500 W",Cono,Papel moldeado térmicamente,Estructura,Aleación grado militar con conector de alta eficiencia,Línea,Coronel,Accesorio opcional,Malla de protección,,,,,,,,,,
Subwoofers,COR-124D,kbt-cor-124d,"Subwoofer Coronel de 12"" COR-124D",KBT,Subwoofer de 12 pulgadas de doble bobina de 4 ohm con cono de papel moldeado,1200,,disponible,,VERDADERO,VERDADERO,,"12""",600,4,doble,,90,,,,,,,,,,,,,,,,,,,,Potencia máxima,"2,500 W",Respuesta en frecuencia,32 Hz – 1.5 kHz,Imán,Doble de 55 oz cada uno,Cono,Papel moldeado térmicamente,Estructura,Aleación grado militar con conector de alta eficiencia,Accesorio opcional,Malla de protección,,,,,,,,
Subwoofers,COR-84D,kbt-cor-84d,"Subwoofer Coronel de 8"" COR-84D",KBT,Subwoofer de 8 pulgadas de doble bobina de 4 ohm de la línea Coronel,1300,,disponible,,FALSO,VERDADERO,,"8""",400,4,doble,,,,,,,,,,,,,,,,,,,,,,Construcción,Cono de papel moldeado térmicamente con estructura grado militar,Línea,Coronel,Configuración,Doble bobina: permite cablear a 2 Ω o a 8 Ω según el amplificador,,,,,,,,,,,,,,
Subwoofers,COR-S104D,kbt-cor-s104d,"Subwoofer Coronel de 10"" COR-S104D",KBT,"Subwoofer de 10 pulgadas de doble bobina de 4 ohm de la línea Coronel, perfil plano para espacios reducidos",1750,,disponible,,FALSO,VERDADERO,,"10""",500,4,doble,,,,,,,,,,,,,,,,,,,,,,Perfil,"Plano, de baja profundidad de montaje para instalaciones bajo asiento",Línea,Coronel,Construcción,Cono de papel moldeado térmicamente con estructura grado militar,Configuración,Doble bobina: permite cablear a 2 Ω o a 8 Ω según el amplificador,,,,,,,,,,,,
Subwoofers,COR-S124D,kbt-cor-s124d,"Subwoofer Coronel de 12"" COR-S124D",KBT,"Subwoofer de 12 pulgadas de doble bobina de 4 ohm de la línea Coronel, perfil plano para espacios reducidos",1850,,disponible,,FALSO,VERDADERO,,"12""",600,4,doble,,,,,,,,,,,,,,,,,,,,,,Perfil,"Plano, de baja profundidad de montaje para instalaciones bajo asiento",Línea,Coronel,Construcción,Cono de papel moldeado térmicamente con estructura grado militar,Configuración,Doble bobina: permite cablear a 2 Ω o a 8 Ω según el amplificador,,,,,,,,,,,,
Subwoofers,COR1-124D,kbt-cor1-124d,"Subwoofer Coronel de 12"" COR1-124D",KBT,Subwoofer de 12 pulgadas de doble bobina de 4 ohm de la línea Coronel,1500,,disponible,,FALSO,VERDADERO,,"12""",800,4,doble,,,,,,,,,,,,,,,,,,,,,,Construcción,Cono de papel moldeado térmicamente con estructura grado militar,Línea,Coronel,Configuración,Doble bobina: permite cablear a 2 Ω o a 8 Ω según el amplificador,,,,,,,,,,,,,,
Subwoofers,COR2-124D,kbt-cor2-124d,"Subwoofer Coronel de 12"" COR2-124D",KBT,Subwoofer de 12 pulgadas de doble bobina de 4 ohm de la línea Coronel,1850,,disponible,,FALSO,VERDADERO,,"12""",1000,4,doble,,,,,,,,,,,,,,,,,,,,,,Construcción,Cono de papel moldeado térmicamente con estructura grado militar,Línea,Coronel,Configuración,Doble bobina: permite cablear a 2 Ω o a 8 Ω según el amplificador,,,,,,,,,,,,,,
Subwoofers,CVP10D4,cerwin-vega-cvp10d4,"Subwoofer CVP de 10"" CVP10D4",Cerwin Vega,Subwoofer de 10 pulgadas de doble bobina de 4 ohm,650,,disponible,,FALSO,VERDADERO,,"10""",150,4,doble,128,,,,,,,,,,,,,,,,,,,,,Potencia máxima,300 W,Diámetro de corte,283 mm,Cono,Alta resistencia con diseño de alto recorrido,Aplicación,"Caja sellada o ventilada, compatible con amplificadores monoblock",,,,,,,,,,,,
Subwoofers,CVP12D4,cerwin-vega-cvp12d4,"Subwoofer CVP de 12"" CVP12D4",Cerwin Vega,Subwoofer de 12 pulgadas de doble bobina de 4 ohm,700,,disponible,,FALSO,VERDADERO,,"12""",150,4,doble,,,,,,,,,,,,,,,,,,,,,,Potencia máxima,500 W,Cono,Alta resistencia con diseño de alto recorrido,Aplicación,"Caja sellada o ventilada, compatible con amplificadores monoblock",,,,,,,,,,,,,,
Subwoofers,KSL-10DF,kbt-ksl-10df,"Subwoofer plano KSL-10DF 10""",KBT,Subwoofer plano de 10 pulgadas de la línea KSL para espacios reducidos,3200,,disponible,,FALSO,VERDADERO,,"10""",250,4,doble,,,,,,,,,,,,,,,,,,,,,,Perfil,"Plano, de baja profundidad de montaje",Construcción,Estructura grado militar,Línea,KSL,Aplicación,Instalaciones bajo asiento o en espacios donde no cabe un subwoofer convencional,,,,,,,,,,,,
Subwoofers,KSL-10P,kbt-ksl-10p,"Caja amplificada de 10"" con subwoofer plano KSL-10P",KBT,Caja porteada de 10 pulgadas con subwoofer plano y amplificador clase D de 300 W integrado,2900,,disponible,,FALSO,VERDADERO,,"10""",300,2,simple,,85,,,,,,,,,,,,,,,,,,,,Amplificador,Clase D de 300 W RMS integrado,Potencia máxima,"1,000 W",Respuesta en frecuencia,34 Hz – 240 Hz,Cono,Polipropileno moldeado térmicamente con estructura grado militar,Dimensiones,356 × 630 mm (105 + 140 mm de perfil),Aplicación,Camionetas y vehículos pequeños donde el espacio es limitado,,,,,,,,
Subwoofers,KSL-8B,kbt-ksl-8b,"Subwoofer plano de 8"" KSL-8B",KBT,Subwoofer plano de 8 pulgadas de la línea KSL para espacios reducidos,1900,,disponible,,VERDADERO,VERDADERO,,"8""",150,2,simple,,,,,,,,,,,,,,,,,,,,,,Perfil,"Plano, de baja profundidad de montaje",Construcción,Estructura grado militar,Línea,KSL,Aplicación,Instalaciones bajo asiento o en espacios donde no cabe un subwoofer convencional,Potencia máxima,450 W,Tipo,"Subwoofer amplificado, plano",,,,,,,,
Subwoofers,M2D4-10IB,rockford-fosgate-m2d4-10ib,"Subwoofer Marine M2 de 10"" M2D4-10IB",Rockford Fosgate,Subwoofer marino de 10 pulgadas de doble bobina de 4 ohm,6000,,disponible,,FALSO,VERDADERO,,"10""",400,4,doble,,,,,,,,,,,,,,,,,,,,,,Potencia máxima,"1,600 W",Montaje,"Infinite baffle, no requiere caja",Iluminación,"Color Optix LED multicolor, requiere controlador PMX-RGB y app RF Connect",Protección ambiental,"Element Ready con certificación IP67, resistente a agua, sal y rayos UV",Conexión,Conectores integrados Deutsch y Amphenol,Desplazamiento del woofer,4.20 litros,Presentación,"Unidad individual, acabado negro con rejillas intercambiables",,,,,,
Subwoofers,M71512,memphis-m71512,"Subwoofer M7 de 15"" M71512",Memphis,Subwoofer de 15 pulgadas de la serie M7 con impedancia seleccionable de 1 o 2 ohm,4000,,disponible,,FALSO,VERDADERO,,"15""",750,2,doble,,86.1,,,,,,,,,,,,,,,,,,,,Potencia máxima,1500 W,Serie,"M7, la línea de mayor desempeño de Memphis",Aplicación,Sistemas de competencia y alta presión sonora,,,,,,,,,,,,,,
Subwoofers,MB1524,memphis-mb1524,"Subwoofer MB de 15"" MB1524",Memphis,Subwoofer de 15 pulgadas con impedancia seleccionable de 2 u 4 ohm,2400,,disponible,,FALSO,VERDADERO,,"15""",500,4,triple,175,88.4,,,,,,,,,,,,,,,,,,,,Impedancia,"Doble bobina con tecnología FLEX, seleccionable a 4 Ω o 2 Ω",Potencia máxima,"1,000 W",Diámetro de corte,355 mm,Imán,80 oz,Bobina,"2"" de cuatro capas, aluminio ultraligero",Cono,Papel con suspensión de hule plegada en V de doble costura y enfriamiento DVVC,,,,,,,,
Subwoofers,MJM612,memphis-mjm612,"Subwoofer MOJO Mini de 6.5"" MJM612",Memphis,Subwoofer compacto de 6.5 pulgadas con impedancia seleccionable de 1 u 2 ohm,2300,,disponible,,VERDADERO,VERDADERO,,"6.5""",700,2,doble,127,81,,,,,,,,,,,,,,,,,,,,Impedancia,Doble bobina con impedancia seleccionable a 2 Ω o 1 Ω,Serie,MOJO Mini,Aplicación,Bajo de alta salida en espacios muy reducidos,Ventaja,La impedancia seleccionable permite adaptarlo al amplificador ya instalado,Potencia máxima,"1,400 W",,,,,,,,,,
Subwoofers,MJM812,memphis-mjm812,"Subwoofer MOJO Mini de 8"" MJM812",Memphis,Subwoofer compacto de 8 pulgadas con impedancia seleccionable de 1 u 2 ohm,3200,,disponible,,FALSO,VERDADERO,,"8""",900,2,doble,146,82,,,,,,,,,,,,,,,,,,,,Impedancia,Doble bobina con impedancia seleccionable a 2 Ω o 1 Ω,Serie,MOJO Mini,Aplicación,Bajo de alta salida en espacios reducidos,Ventaja,La impedancia seleccionable permite adaptarlo al amplificador ya instalado,Potencia máxima,"1,800 W",Bobina,"2"", cuatro capas de cobre",,,,,,,,
Subwoofers,MJP1244,memphis-mjp1244,"Subwoofer MOJO Pro de 12"" MJP1244",Memphis,Subwoofer de 12 pulgadas de doble bobina de 4 ohm,3000,,disponible,,FALSO,VERDADERO,,"12""",750,4,doble,158,85.68,,,,,,,,,,,,,,,,,,,,Potencia máxima,"1,500 W",Diámetro de corte,288 mm,Diámetro de bobina,"63.5 mm (2.5"")",Cono,Papel rígido con suspensión de espuma de doble costura y canasta de aluminio fundido,Caja recomendada,42.5 litros sellada · 70.8 litros ventilada a 36 Hz,,,,,,,,,,
Subwoofers,MJP1544,memphis-mjp1544,"Subwoofer MOJO Pro de 15"" MJP1544",Memphis,Subwoofer de 15 pulgadas de doble bobina de 4 ohm,3500,,disponible,,FALSO,VERDADERO,,"15""",750,4,doble,,,,,,,,,,,,,,,,,,,,,,Potencia máxima,"1,500 W",Cono,Papel rígido con suspensión de espuma de doble costura y canasta de aluminio fundido,Enfriamiento,DVVC con placa frontal perforada y anillo de cortocircuito de aluminio,Diseño,Optimizado para alta presión sonora en cajas de construcción tradicional,,,,,,,,,,,,
Subwoofers,MJP844,memphis-mjp844,"Subwoofer MOJO Pro de 8"" MJP844",Memphis,Subwoofer de 8 pulgadas de doble bobina de 4 ohm,2200,,disponible,,FALSO,VERDADERO,,"8""",750,4,doble,142,82.3,,,,,,,,,,,,,,,,,,,,Potencia máxima,"1,500 W",Cono,Papel rígido con suspensión de espuma de doble costura y canasta de aluminio fundido,Enfriamiento,DVVC con placa frontal perforada y anillo de cortocircuito de aluminio,,,,,,,,,,,,,,
Subwoofers,MM1024,memphis-mm1024,"Subwoofer marino de 10"" MM1024",Memphis,Subwoofer marino de 10 pulgadas con impedancia seleccionable de 2 u 4 ohm y LED RGB,2300,,disponible,,FALSO,VERDADERO,,"10""",250,4,simple,116,86,,,,,,,,,,,,,,,,,,,,Impedancia,"Doble bobina con tecnología FLEX, seleccionable a 4 Ω o 2 Ω",Iluminación,LED RGB integrada,Aplicación,Uso marino y powersports,Serie,MM Marine,Potencia máxima,500 W,,,,,,,,,,
Subwoofers,MM1224,memphis-mm1224,"Subwoofer marino de 12"" MM1224",Memphis,Subwoofer marino de 12 pulgadas con impedancia seleccionable de 2 u 4 ohm y LED RGB,2600,,disponible,,FALSO,VERDADERO,,"12""",250,4,doble,126,87,,,,,,,,,,,,,,,,,,,,Impedancia,"Doble bobina con tecnología FLEX, seleccionable a 4 Ω o 2 Ω",Iluminación,LED RGB integrada,Aplicación,Uso marino y powersports,Serie,MM Marine,Potencia máxima,500 W,,,,,,,,,,
Subwoofers,MXA1044,memphis-mxa1044,"Subwoofer marino de 10"" MXA1044",Memphis,Subwoofer marino de 10 pulgadas de doble bobina de 4 ohm con iluminación RGB integrada,1550,,disponible,,FALSO,VERDADERO,,"10""",250,4,doble,,86,,,,,,,,,,,,,,,,,,,,Potencia máxima,500 W,Cono,Polipropileno resistente a rayos UV,Canasta,"Plástico ABS de alta temperatura, resistente a la corrosión",Bobina,"2"" de alta temperatura, imán de ferrita de 48 oz",Iluminación,LED RGB integrada,Terminales,"Chapados en oro, herrajes de acero inoxidable",,,,,,,,
Subwoofers,NANO 10SPX,memphis-nano-10spx,"Subwoofer amplificado de 10"" NANO 10SPX",Memphis,Subwoofer amplificado de 10 pulgadas en caja compacta para instalación bajo asiento,4600,,disponible,,VERDADERO,VERDADERO,,"10""",300,2,simple,,,,,,,,,,,,,,,,,,,,,,Tipo,Subwoofer con amplificador integrado en caja,Perfil,"Bajo, diseñado para instalación bajo asiento",Serie,NANO,Ventaja,Solución todo en uno para vehículos donde no cabe una cajón convencional,,,,,,,,,,,,
Subwoofers,P2D4-12,rockford-fosgate-p2d4-12,"Subwoofer Punch P2 de 12"" P2D4-12",Rockford Fosgate,Subwoofer de 12 pulgadas de doble bobina de 4 ohm,2500,,disponible,,FALSO,VERDADERO,,"12""",400,4,doble,,,,,,,,,,,,,,,,,,,,,,Potencia máxima,800 W,Cono,Papel reforzado con fibra de Kevlar y tecnología VAST,Suspensión,Hule,Incluye,Aro embellecedor de aluminio fundido,Norma de potencia,CEA-2031,,,,,,,,,,
Subwoofers,P3D4-12,rockford-fosgate-p3d4-12,"Subwoofer Punch P3 de 12"" P3D4-12",Rockford Fosgate,Subwoofer de 12 pulgadas de doble bobina de 4 ohm,3500,,disponible,,FALSO,VERDADERO,,"12""",600,4,doble,169,85,,,,,,,,,,,,,,,,,,,,Potencia máxima,"1,200 W",Diámetro de corte,285 mm,Caja sellada recomendada,28.8 litros,Caja ventilada recomendada,50.6 litros,Cono,Aluminio anodizado con suspensión Santoprene y tecnología VAST,,,,,,,,,,
Subwoofers,P3D4-15,rockford-fosgate-p3d4-15,"Subwoofer Punch P3 de 15"" P3D4-15",Rockford Fosgate,Subwoofer de 15 pulgadas de doble bobina de 4 ohm,3800,,disponible,,FALSO,VERDADERO,,"15""",600,4,doble,192,86,,,,,,,,,,,,,,,,,,,,Potencia máxima,"1,200 W",Respuesta en frecuencia,22 Hz – 250 Hz,Diámetro de corte,353 mm,Diámetro de bobina,"63.5 mm (2.5"")",Cono,Aluminio anodizado con suspensión Santoprene y tecnología VAST,,,,,,,,,,
Subwoofers,P3SD4-10,rockford-fosgate-p3sd4-10,"Subwoofer Punch P3S de 10"" P3SD4-10",Rockford Fosgate,Subwoofer de 10 pulgadas de perfil bajo y doble bobina de 4 ohm,2900,,disponible,,FALSO,VERDADERO,,"10""",300,4,doble,89,83,,,,,,,,,,,,,,,,,,,,Potencia máxima,600 W,Cono,Aluminio anodizado con suspensión Santoprene M-Roll,Norma de potencia,CEA-2031,,,,,,,,,,,,,,
Subwoofers,P3SD4-12,rockford-fosgate-p3sd4-12,"Subwoofer Punch P3S de 12"" P3SD4-12",Rockford Fosgate,Subwoofer de 12 pulgadas de perfil bajo y doble bobina de 4 ohm,3100,,disponible,,VERDADERO,VERDADERO,,"12""",400,4,doble,92,85,,,,,,,,,,,,,,,,,,,,Potencia máxima,800 W,Respuesta en frecuencia,34 Hz – 250 Hz,Diámetro de corte,285 mm,Caja sellada recomendada,28.3 litros,Cono,Aluminio anodizado con suspensión Santoprene M-Roll,,,,,,,,,,
Subwoofers,PRX10FT,memphis-prx10ft,"Subwoofer Power Reference de 10"" PRX10FT",Memphis,"Subwoofer de 10 pulgadas Tri-Flex con triple bobina seleccionable a 1, 2 o 4 ohm",1550,,disponible,,FALSO,VERDADERO,,"10""",400,4,triple,,,,,,,,,,,,,,,,,,,,,,Impedancia,"Triple bobina Tri-Flex, seleccionable a 4 Ω, 2 Ω o 1 Ω",Potencia máxima,800 W,Enfriamiento,"DVVC, ventilación directa bajo la bobina",Ventaja,Formato compacto con la misma potencia que el modelo de 12 pulgadas,,,,,,,,,,,,
Subwoofers,PRX12FT,memphis-prx12ft,"Subwoofer Power Reference de 12"" PRX12FT",Memphis,"Subwoofer de 12 pulgadas Tri-Flex con triple bobina seleccionable a 1, 2 o 4 ohm",1650,,disponible,,FALSO,VERDADERO,,"12""",400,4,triple,,,,,,,,,,,,,,,,,,,,,,Impedancia,"Triple bobina Tri-Flex, seleccionable a 4 Ω, 2 Ω o 1 Ω",Potencia máxima,800 W,Enfriamiento,"DVVC, ventilación directa bajo la bobina",Ventaja,La triple bobina permite adaptar el subwoofer a casi cualquier amplificador sin cambiar de modelo,,,,,,,,,,,,
Subwoofers,PRX624,memphis-prx624,"Subwoofer Power Reference de 6.5"" PRX624",Memphis,Subwoofer compacto de 6.5 pulgadas con impedancia seleccionable de 2 u 4 ohm,800,,disponible,,FALSO,VERDADERO,,"6.5""",150,4,doble,76,82,,,,,,,,,,,,,,,,,,,,Impedancia,"Doble bobina con tecnología FLEX, seleccionable a 4 Ω o 2 Ω mediante jumpers",Potencia máxima,300 W,Respuesta en frecuencia,50 Hz – 150 Hz,Diámetro de corte,144 mm,Diámetro de bobina,"38 mm (1.5"")",Cono,"Papel tratado con suspensión de butilo de doble costura, canasta de acero estampado",,,,,,,,
Subwoofers,PRX824V2,memphis-prx824v2,"Subwoofer Power Reference de 8"" PRX824V2",Memphis,Subwoofer de 8 pulgadas con impedancia seleccionable de 2 u 4 ohm mediante Flex Plug,1400,,disponible,,FALSO,VERDADERO,,"8""",200,4,doble,130,,,,,,,,,,,,,,,,,,,,,Impedancia,"Doble bobina con tecnología FLEX, seleccionable a 4 Ω o 2 Ω",Selector,"Flex Plug: el cambio de impedancia se hace moviendo un conector, sin recablear",Serie,Power Reference,Cono,Polipropileno negro con suspensión de butilo de doble costura,Enfriamiento,"DVVC, ventilación directa bajo la bobina",Ventaja,Permite agregar un segundo woofer más adelante sin cambiar de amplificador,Potencia máxima,400 W,,,,,,
Subwoofers,PRXE12DFT,memphis-prxe12dft,"Cajón Power Reference doble de 12"" PRXE12DFT",Memphis,Cajón ventilado con dos subwoofers de 12 pulgadas e impedancia seleccionable,6000,,disponible,,VERDADERO,VERDADERO,,"12""",800,2,doble,,,,,,,,,,,,,,,,,,,,,,Impedancia,"Tecnología FLEX, seleccionable a 2 Ω, 1 Ω o 0.5 Ω",Configuración,Cajón cargado de fábrica con dos subwoofers de 12 pulgadas,Diseño,Ventilado con puerto rectangular de disparo frontal para bajo limpio,Iluminación,"Conos con LED RGB y logo Memphis iluminado, requiere controlador RGB",Construcción,MDF sólido con acabado alfombrado,Ventaja,Sintonizado en fábrica a los parámetros Thiele-Small de los woofers Power Reference,Potencia máxima,"1,600 W",,,,,,
Subwoofers,PRXE12SFT,memphis-prxe12sft,"Cajón Power Reference singular de 12"" PRXE12SFT",Memphis,Cajón ventilado con un subwoofer de 12 pulgadas e impedancia seleccionable,4000,,disponible,,VERDADERO,VERDADERO,,"12""",300,4,simple,,,,,,,,,,,,,,,,,,,,,,Impedancia,"Tecnología FLEX, seleccionable a 4 Ω, 2 Ω o 1 Ω",Configuración,Cajón cargado de fábrica con un subwoofer de 12 pulgadas,Diseño,Ventilado con puerto frontal abocinado que reduce distorsión,Iluminación,"Cono con LED RGB y logo Memphis iluminado, requiere controlador RGB",Construcción,MDF sólido con acabado alfombrado,Ventaja,"Formato compacto, sintonizado a los parámetros del woofer Power Reference",,,,,,,,
Subwoofers,PRXL10FT,memphis-prxl10ft,"Subwoofer Power Reference de 10"" PRXL10FT",Memphis,Subwoofer de 10 pulgadas Tri-Flex con triple bobina seleccionable e iluminación RGB,1850,,disponible,,FALSO,VERDADERO,,"10""",350,4,triple,,,,,,,,,,,,,,,,,,,,,,Impedancia,"Triple bobina Tri-Flex, seleccionable a 4 Ω, 2 Ω o 1 Ω",Iluminación,LED RGB integrada en el cono,Enfriamiento,"DVVC, ventilación directa bajo la bobina",Ventaja,La triple bobina permite adaptarlo a casi cualquier amplificador sin cambiar de modelo,,,,,,,,,,,,
Subwoofers,PRXL12FT,memphis-prxl12ft,"Subwoofer Power Reference de 12"" PRXL12FT",Memphis,Subwoofer de 12 pulgadas Tri-Flex con triple bobina seleccionable y iluminación RGB,2000,,disponible,,FALSO,VERDADERO,,"12""",400,4,triple,,,,,,,,,,,,,,,,,,,,,,Impedancia,"Triple bobina Tri-Flex, seleccionable a 4 Ω, 2 Ω o 1 Ω",Iluminación,LED RGB integrada en el cono,Enfriamiento,"DVVC, ventilación directa bajo la bobina",Ventaja,La triple bobina permite adaptar el subwoofer a casi cualquier amplificador sin cambiar de modelo,Potencia máxima,800 W,,,,,,,,,,
Subwoofers,PRXS1024,memphis-prxs1024,"Subwoofer Slim Power Reference de 10"" PRXS1024",Memphis,Subwoofer de 10 pulgadas de perfil delgado con impedancia seleccionable de 2 u 4 ohm,2800,,disponible,,FALSO,VERDADERO,,"10""",350,4,doble,76,84,,,,,,,,,,,,,,,,,,,,Impedancia,"Doble bobina con tecnología FLEX, seleccionable a 4 Ω o 2 Ω",Potencia máxima,700 W,Diámetro de corte,229 mm,Imán,50 oz,Cono,Polipropileno inyectado con suspensión de hule y enfriamiento DVVC,Canasta,Acero estampado de servicio pesado,,,,,,,,
Subwoofers,PRXS1224,memphis-prxs1224,"Subwoofer Slim Power Reference de 12"" PRXS1224",Memphis,Subwoofer de 12 pulgadas de perfil delgado con impedancia seleccionable de 2 u 4 ohm,3000,,disponible,,FALSO,VERDADERO,,"12""",350,4,doble,76,86.3,,,,,,,,,,,,,,,,,,,,Impedancia,"Doble bobina con tecnología FLEX, seleccionable a 4 Ω o 2 Ω",Cono,Polipropileno inyectado con tapa de polvo a juego y suspensión de hule,Enfriamiento,"DVVC, ventilación directa bajo la bobina",Canasta,Acero estampado de servicio pesado,Potencia máxima,700 W,,,,,,,,,,
Subwoofers,R2SD4-10,rockford-fosgate-r2sd4-10,"Subwoofer Prime R2 de 10"" R2SD4-10",Rockford Fosgate,Subwoofer de 10 pulgadas de perfil bajo y doble bobina de 4 ohm,1700,,disponible,,FALSO,VERDADERO,,"10""",200,4,doble,86,82,,,,,,,,,,,,,,,,,,,,Potencia máxima,400 W,Cono,Polipropileno inyectado con mica (MIPP),Suspensión,Poli-espuma,Optimizado para,Cajas selladas,,,,,,,,,,,,
Subwoofers,R2SD4-12,rockford-fosgate-r2sd4-12,"Subwoofer Prime R2 de 12"" R2SD4-12",Rockford Fosgate,Subwoofer de 12 pulgadas de perfil bajo y doble bobina de 4 ohm,1800,,disponible,,FALSO,VERDADERO,,"12""",250,4,doble,91,85,,,,,,,,,,,,,,,,,,,,Potencia máxima,500 W,Cono,Polipropileno inyectado con mica (MIPP),Suspensión,Poli-espuma,Optimizado para,Cajas selladas,,,,,,,,,,,,
Subwoofers,RZRPRO10SE,memphis-rzrpro10se,"Cajón amplificado 10"" para Polaris RZR",Memphis,Cajón amplificado de 10 pulgadas de ajuste directo para Polaris RZR con LED RGB,8000,,disponible,,FALSO,VERDADERO,,"10""",300,2,simple,,,,,,,,,,,,,,,,,,,,,,Amplificador,"Grado marino integrado, emparejado de fábrica con el subwoofer",Configuración,Cajón amplificado de ajuste directo con subwoofer de 10 pulgadas,Aplicación,Polaris RZR 2014 y posteriores,Construcción,"Cajón de HDPE rotomoldeado, sintonizado para máxima salida",Iluminación,Cono retroiluminado con LED RGB,Instalación,"Ajuste directo, no requiere fabricación",,,,,,,,
Subwoofers,SDR-104D,kbt-sdr-104d,"Subwoofer Soldier de 10"" SDR-104D",KBT,Subwoofer de 10 pulgadas de doble bobina de 4 ohm de la línea Soldier,650,,disponible,,FALSO,VERDADERO,,"10""",400,4,doble,,,,,,,,,,,,,,,,,,,,,,Construcción,Cono de papel moldeado térmicamente con estructura grado militar,Línea,Soldier,Configuración,Doble bobina: permite cablear a 2 Ω o a 8 Ω según el amplificador,,,,,,,,,,,,,,
Subwoofers,SDR-124D,kbt-sdr-124d,"Subwoofer Soldier de 12"" SDR-124D",KBT,Subwoofer de 12 pulgadas de doble bobina de 4 ohm de la línea Soldier,750,,disponible,,VERDADERO,VERDADERO,,"12""",500,4,doble,,,,,,,,,,,,,,,,,,,,,,Construcción,Cono de papel moldeado térmicamente con estructura grado militar,Línea,Soldier,Configuración,Doble bobina: permite cablear a 2 Ω o a 8 Ω según el amplificador,,,,,,,,,,,,,,
Subwoofers,SGT-S104D,kbt-sgt-s104d,"Subwoofer Sergeant de 10"" SGT-S104D",KBT,"Subwoofer de 10 pulgadas de doble bobina de 4 ohm de la línea Sergeant, perfil plano para espacios reducidos",1050,,disponible,,FALSO,VERDADERO,,"10""",500,4,doble,,,,,,,,,,,,,,,,,,,,,,Perfil,"Plano, de baja profundidad de montaje para instalaciones bajo asiento",Línea,Sergeant,Construcción,Cono de papel moldeado térmicamente con estructura grado militar,Configuración,Doble bobina: permite cablear a 2 Ω o a 8 Ω según el amplificador,,,,,,,,,,,,
Subwoofers,SGT-S124D,kbt-sgt-s124d,"Subwoofer Sergeant de 12"" SGT-S124D",KBT,"Subwoofer de 12 pulgadas de doble bobina de 4 ohm de la línea Sergeant, perfil plano para espacios reducidos",1100,,disponible,,VERDADERO,VERDADERO,,"12""",600,4,doble,,,,,,,,,,,,,,,,,,,,,,Potencia máxima,600 W,Línea,Sergeant,Perfil,"Plano, de baja profundidad de montaje para instalaciones bajo asiento",Construcción,Cono de papel moldeado térmicamente con estructura grado militar,Configuración,Doble bobina: permite cablear a 2 Ω o a 8 Ω según el amplificador,,,,,,,,,,
Subwoofers,SRX1244,memphis-srx1244,"Subwoofer Street Reference de 12"" SRX1244",Memphis,Subwoofer de 12 pulgadas de doble bobina de 4 ohm para caja sellada o ventilada,1000,,disponible,,FALSO,VERDADERO,,"12""",300,4,doble,125,85.5,,,,,,,,,,,,,,,,,,,,Potencia máxima,600 W,Diámetro de corte,281 mm,Cono,Polipropileno con suspensión de hule y araña progresiva de poli-algodón,Bobina,"Soporte de aluminio anodizado, terminales de compresión calibre 12",Caja recomendada,28.3 litros sellada · 62.3 litros ventilada,,,,,,,,,,
Subwoofers,SRXE12DP,memphis-srxe12dp,"Cajón amplificado Street Reference doble de 12"" SRXE12DP con amplificador SRX600.1V",Memphis,Cajón ventilado con dos subwoofers de 12 pulgadas y amplificador SRX600.1V incluido,5500,,disponible,,VERDADERO,VERDADERO,,"12""",500,2,simple,,,,,,,,,,,,,,,,,,,,,,Amplificador,SRX600.1V monoblock de 600 W RMS incluido,Configuración,"Sistema completo: cajón, dos subwoofers de 12 pulgadas y amplificador",Diseño,"Ventilado con puerto frontal, sintonizado a los parámetros de los woofers",Iluminación,"Panel frontal con LED RGB, cableable a un color fijo o al controlador MXRGBBTC",Dimensiones,"85 × 35 × 30/36 cm (33.5"" L × 13.75"" H × 11.9""/14.3"" P)",Instalación,"Ajuste universal, puede requerir adaptación menor",Ventaja,Solución llave en mano: no requiere calcular caja ni emparejar amplificador,,,,,,
Subwoofers,SRXE12SA,memphis-srxe12sa,"Cajón amplificado Street Reference singular de 12"" SRXE12SA",Memphis,Cajón ventilado con subwoofer de 12 pulgadas y amplificador de 300 W integrado,3700,,disponible,,VERDADERO,VERDADERO,,"12""",250,2,simple,,,,,,,,,,,,,,,,,,,,,,Amplificador,300 W integrado,Configuración,"Sistema de bajos completo: cajón, subwoofer y amplificador en una sola pieza",Diseño,Cajón ventilado (ported),Ventaja,"Solución todo en uno: solo requiere corriente, tierra, remoto y señal",Serie,Street Reference,,,,,,,,,,
Subwoofers,T1S2-10S,rockford-fosgate-t1s2-10s,"Subwoofer Power T1 Slim de 10"" T1S2-10S",Rockford Fosgate,"Subwoofer de 10 pulgadas de perfil bajo y bobina simple de 2 ohm, optimizado para caja sellada",6400,,disponible,,FALSO,VERDADERO,,"10""",500,2,simple,76,82,,,,,,,,,,,,,,,,,,,,Potencia máxima,"1,000 W",Diámetro de corte,232 mm,Cono,"Fibra de carbono, PMI y fibra de vidrio con tapa de aluminio y suspensión de espuma con tecnología VAST",Motor,"Neodimio de alta temperatura, bobina CCA de 58 mm, Xmax 15 mm",Optimizado para,Cajas selladas,,,,,,,,,,
Subwoofers,TS-W312D4,pioneer-ts-w312d4,"Subwoofer Champion Series 12"" TS-W312D4",Pioneer,Subwoofer de 12 pulgadas de doble bobina para caja sellada o ventilada,800,,disponible,,VERDADERO,VERDADERO,,"12""",500,4,doble,157,92,,,,,,,,,,,,,,,,,,,,Potencia máxima,"1,600 W",Respuesta en frecuencia,20 Hz – 1.6 kHz,Diámetro de corte,ø283 mm,Frecuencia de resonancia,37 Hz,Caja recomendada,35.4 litros,,,,,,,,,,
Subwoofers,VPAS12,cerwin-vega-vpas12,"Subwoofer amplificado de 12"" VPAS12",Cerwin Vega,Subwoofer amplificado de 12 pulgadas con radiador pasivo para instalación bajo asiento,3000,,disponible,,FALSO,VERDADERO,,"12""",250,4,simple,,,,,,,,,,,,,,,,,,,,,,Amplificador,Clase D integrado en disipador de aluminio fundido,Potencia máxima,600 W,Diseño,Caja compacta con radiador pasivo para instalación bajo asiento o en cajuela,Controles,Refuerzo de graves variable e inversión de fase de 0 o 180 grados,Entradas,"RCA y de nivel de bocina, compatible con radio original o de reemplazo",,,,,,,,,,
Subwoofers,VR10,cerwin-vega-vr10,"Subwoofer amplificado de 10"" VR10",Cerwin Vega,Subwoofer de 10 pulgadas de la serie VR para caja sellada o ventilada,2500,,disponible,,VERDADERO,VERDADERO,,"10""",120,4,simple,,,,,,,,,,,,,,,,,,,,,,Potencia máxima,300 W,Serie,VR,Aplicación,"Caja sellada o ventilada, alimentado por amplificador monoblock",,,,,,,,,,,,,,
Subwoofers,XED12V2,cerwin-vega-xed12v2,"Subwoofer XED de 12"" XED12V2",Cerwin Vega,Subwoofer de 12 pulgadas de bobina simple de 4 ohm para caja sellada o ventilada,550,,disponible,,VERDADERO,VERDADERO,,"12""",150,4,simple,132,85.5,,,,,,,,,,,,,,,,,,,,Potencia máxima,"1,000 W",Diámetro de corte,274.8 mm,Cono,Polipropileno parabólico con suspensión de espuma de alto recorrido,,,,,,,,,,,,,,
